url,is_remapped,remapped_url
http://0-www.lexisnexis.com.catalogue.sclqld.org.au/au/legal/results/docview/attachRetrieve.do?csi=267689&A=0.9299136021297408&ersKey=23_T25115720705&urlEnc=ISO-8859-1&inline=y&smi=17329&componentseq=1&key=4BK9-CP00-TWGM-W1G2-00000-00&type=pdf&displayType=full_pdf&lni=4BK9-CP00-TWGM-W1G2&docTitle=R%20v%20BUCKETT%20-%20132%20ALR%20669,FALSE,UNMAPPED; client instructed to remove
http://0-www.lexisnexis.com.catalogue.sclqld.org.au/au/legal/results/docview/attachRetrieve.do?csi=267694&A=0.17726381264765423&ersKey=23_T25190711453&urlEnc=ISO-8859-1&inline=y&smi=17326&componentseq=1&key=5CVC-H4N1-DY5B-628C-00000-00&type=pdf&displayType=full_pdf&lni=5CVC-H4N1-DY5B-628C&docTitle=HAMMOND%20v%20THE%20QUEEN%20-%20(2013)%2085%20NSWLR%20313%20-%2010%20May%202013,TRUE,https://anzlaw.thomsonreuters.com/Link/Document/FullText?findType=Y&serNum=2030553112&pubNum=5138&originatingDoc=I0f982e50882111e8aca5bab3c9b3f468&refType=TG&originationContext=document&transitionType=DocumentItem&ppcid=0b0049e56d1543d49fa8f2e72e20ca40&contextData=(sc.Default)&comp=wlau Inaccessible; Not Resolving
"http://0-www.lexisnexis.com.catalogue.sclqld.org.au/au/legal/results/docview/attachRetrieve.do?csi=267696&A=0.5362308707197203&ersKey=23_T25567228335&urlEnc=ISO-8859-1&inline=y&smi=17320&componentseq=1&key=4C6C-M7T0-TWGM-J0JX-00000-00&type=pdf&displayType=full_pdf&lni=4C6C-M7T0-TWGM-J0JX&docTitle=R.%20v%20F.,%20ex%20parte%20ATTORNEY-GENERAL%20-%20%5B2004%5D%201%20Qd%20R%20162%20-%2028%20February%202003&altRendition=Y",TRUE,https://www.queenslandjudgments.com.au/case/id/501169
http://0-www.westlaw.com.au.catalogue.sclqld.org.au/maf/wlau/app/blob?blobguid=I2d41c7f0cc8411e08eefa443f89988a0&file=(1971)_26_LGRA_237.pdf,TRUE,https://anzlaw.thomsonreuters.com/Link/Document/FullText?findType=Y&serNum=1971097546&pubNum=5137&originatingDoc=Id897c73088d411e8aca5bab3c9b3f468&refType=TG&originationContext=document&transitionType=DocumentItem&ppcid=c4ed16e778304907919c9bbef36051c3&contextData=(sc.Default)&comp=wlau
http://0-www.westlaw.com.au.catalogue.sclqld.org.au/maf/wlau/app/blob?blobguid=I69df3c40cc8111e08eefa443f89988a0&file=(1993)_178_CLR_193.pdf,TRUE,https://anzlaw.thomsonreuters.com/Link/Document/FullText?findType=Y&serNum=1993376502&pubNum=3586&originatingDoc=Iaed37b2087ac11e8aca5bab3c9b3f468&refType=TG&originationContext=document&transitionType=DocumentItem&ppcid=2c658a90cb274cac894899b0a9ce24e5&contextData=(sc.Default)&comp=wlau
http://0-www.westlaw.com.au.catalogue.sclqld.org.au/maf/wlau/app/blob?blobguid=I837ade70cc8111e08eefa443f89988a0&file=(2003)_217_CLR_1.pdf,TRUE,https://anzlaw.thomsonreuters.com/Link/Document/FullText?findType=Y&serNum=2003537364&pubNum=3586&originatingDoc=I6087086087b611e8aca5bab3c9b3f468&refType=TG&originationContext=document&transitionType=DocumentItem&ppcid=cb3b45d49c894b9cac4fce2b6b10c854&contextData=(sc.Default)&comp=wlau
http://0-www.westlaw.com.au.catalogue.sclqld.org.au/maf/wlau/app/blob?blobguid=I995b4d60cc8111e08eefa443f89988a0&file=(2008)_82_ALJR_1334.pdf,TRUE,https://anzlaw.thomsonreuters.com/Link/Document/FullText?findType=Y&serNum=2016843566&pubNum=5147&originatingDoc=I79380d6087bf11e8aca5bab3c9b3f468&refType=TG&originationContext=document&transitionType=DocumentItem&ppcid=2500741a7e704786bf45c46c32c45a79&contextData=(sc.Default)&comp=wlau
http://0-www.westlaw.com.au.catalogue.sclqld.org.au/maf/wlau/app/blob?blobguid=I99c8dc40cc8111e08eefa443f89988a0&file=(2008)_237_CLR_1.pdf,TRUE,https://anzlaw.thomsonreuters.com/Link/Document/FullText?findType=Y&serNum=2016843566&pubNum=3586&originatingDoc=I79380d6087bf11e8aca5bab3c9b3f468&refType=TG&originationContext=document&transitionType=DocumentItem&ppcid=2500741a7e704786bf45c46c32c45a79&contextData=(sc.Default)&comp=wlau
http://0-www.westlaw.com.au.catalogue.sclqld.org.au/maf/wlau/app/document?docguid=I068e37d07bf011e6881a84759648e093&tocDs=AUNZ_CASE_TOC&isTocNav=true&startChunk=1&endChunk=1,TRUE,https://anzlaw.thomsonreuters.com/Link/Document/FullText?findType=Y&serNum=1987287701&pubNum=4840&originatingDoc=Id0d5f01088e511e8aca5bab3c9b3f468&refType=TG&originationContext=document&transitionType=DocumentItem&ppcid=4abe3d56f40442bebf6ffb6d8d026521&contextData=(sc.Default)&comp=wlau
http://0-www.westlaw.com.au.catalogue.sclqld.org.au/maf/wlau/app/document?docguid=I2c10b4439e1c11e0a619d462427863b2&tocDs=AUNZ_CASES_TOC&isTocNav=true&startChunk=1&endChunk=1,TRUE,https://anzlaw.thomsonreuters.com/Link/Document/FullText?findType=Y&serNum=2003579075&pubNum=5341&originatingDoc=Ied02bee088ad11e8aca5bab3c9b3f468&refType=TG&originationContext=document&transitionType=DocumentItem&ppcid=2540b782b76845629b1381793563f5c7&contextData=(sc.Default)&comp=wlau
http://0-www.westlaw.com.au.catalogue.sclqld.org.au/maf/wlau/app/document?docguid=I777469f331d211e69e0fd18d932f6e2c&tocDs=AUNZ_CASES_TOC&isTocNav=true&startChunk=1&endChunk=1,TRUE,https://anzlaw.thomsonreuters.com/Link/Document/FullText?findType=Y&serNum=1974157206&pubNum=4840&originatingDoc=If9c3138088f011e8aca5bab3c9b3f468&refType=TG&originationContext=document&transitionType=DocumentItem&ppcid=9c3c83c321594dcdb2e5164bfdc1595e&contextData=(sc.Default)&comp=wlau
http://0-www.westlaw.com.au.catalogue.sclqld.org.au/maf/wlau/app/document?docguid=Ia13b4c9031d211e69e0fd18d932f6e2c&tocDs=AUNZ_CASES_TOC&isTocNav=true&startChunk=1&endChunk=1,TRUE,https://anzlaw.thomsonreuters.com/Link/Document/FullText?findType=Y&serNum=1986183751&pubNum=4840&originatingDoc=I61d1260088f211e8aca5bab3c9b3f468&refType=TG&originationContext=document&transitionType=DocumentItem&ppcid=d1116493b8f84d0291a2c27e825b1fbc&contextData=(sc.Default)&comp=wlau
http://0-www.westlaw.com.au.catalogue.sclqld.org.au/maf/wlau/app/document?docguid=Iaf148eea9d6611e0a619d462427863b2&tocDs=AUNZ_CASES_TOC&isTocNav=true&startChunk=1&endChunk=1,TRUE,https://anzlaw.thomsonreuters.com/Link/Document/FullText?findType=Y&serNum=2007427118&pubNum=3586&originatingDoc=If784dfa087b911e8aca5bab3c9b3f468&refType=TG&originationContext=document&transitionType=DocumentItem&ppcid=51270fd5128349ee83dcbf7b6f136828&contextData=(sc.Default)&comp=wlau
http://archive.sclqld.org.au/qjudgment/1994/QCA94-476.pdf,FALSE,NA: SCLQLD
http://archive.sclqld.org.au/qjudgment/1996/QCA96-256.pdf,FALSE,NA: SCLQLD
http://archive.sclqld.org.au/qjudgment/1996/QCA96-405.pdf,FALSE,NA: SCLQLD
http://archive.sclqld.org.au/qjudgment/1997/QCA97-441.pdf,FALSE,NA: SCLQLD
http://archive.sclqld.org.au/qjudgment/1997/QCA97-452.pdf,FALSE,NA: SCLQLD
http://archive.sclqld.org.au/qjudgment/1997/QCA97-460.pdf,FALSE,NA: SCLQLD
http://archive.sclqld.org.au/qjudgment/1997/QCA97-483.pdf,FALSE,NA: SCLQLD
http://archive.sclqld.org.au/qjudgment/1998/QCA98-064.pdf,FALSE,NA: SCLQLD
http://archive.sclqld.org.au/qjudgment/1998/QCA98-188.pdf,FALSE,NA: SCLQLD
http://archive.sclqld.org.au/qjudgment/1998/QCA98-393.pdf,FALSE,NA: SCLQLD
http://archive.sclqld.org.au/qjudgment/1999/QCA99-105.pdf,FALSE,NA: SCLQLD
http://archive.sclqld.org.au/qjudgment/1999/QCA99-108.pdf,FALSE,NA: SCLQLD
http://archive.sclqld.org.au/qjudgment/2000/QCA00-211.pdf,FALSE,NA: SCLQLD
http://archive.sclqld.org.au/qjudgment/2000/QCA00-347.pdf,FALSE,NA: SCLQLD
http://archive.sclqld.org.au/qjudgment/2000/QCA00-393.pdf,FALSE,NA: SCLQLD
http://archive.sclqld.org.au/qjudgment/2001/QCA01-105.pdf,FALSE,NA: SCLQLD
http://archive.sclqld.org.au/qjudgment/2001/QCA01-183.pdf,FALSE,NA: SCLQLD
http://archive.sclqld.org.au/qjudgment/2001/QCA01-193.pdf,FALSE,NA: SCLQLD
http://archive.sclqld.org.au/qjudgment/2001/QCA01-272.pdf,FALSE,NA: SCLQLD
http://archive.sclqld.org.au/qjudgment/2001/QCA01-309.pdf,FALSE,NA: SCLQLD
http://archive.sclqld.org.au/qjudgment/2001/QCA01-390.pdf,FALSE,NA: SCLQLD
http://archive.sclqld.org.au/qjudgment/2002/QCA02-360.pdf,FALSE,NA: SCLQLD
http://archive.sclqld.org.au/qjudgment/2002/QCA02-442.pdf,FALSE,NA: SCLQLD
http://archive.sclqld.org.au/qjudgment/2003/QCA03-246.pdf,FALSE,NA: SCLQLD
http://archive.sclqld.org.au/qjudgment/2003/QCA03-356.pdf,FALSE,NA: SCLQLD
http://archive.sclqld.org.au/qjudgment/2003/QCA03-431.pdf,FALSE,NA: SCLQLD
http://archive.sclqld.org.au/qjudgment/2003/QCA03-567.pdf,FALSE,NA: SCLQLD
http://archive.sclqld.org.au/qjudgment/2004/QCA04-018.pdf,FALSE,NA: SCLQLD
http://archive.sclqld.org.au/qjudgment/2004/QCA04-099.pdf,FALSE,NA: SCLQLD
http://archive.sclqld.org.au/qjudgment/2004/QCA04-219.pdf,FALSE,NA: SCLQLD
http://archive.sclqld.org.au/qjudgment/2004/QCA04-393.pdf,FALSE,NA: SCLQLD
http://archive.sclqld.org.au/qjudgment/2004/QCA04-419.pdf,FALSE,NA: SCLQLD
http://archive.sclqld.org.au/qjudgment/2004/QCA04-481.pdf,FALSE,NA: SCLQLD
http://archive.sclqld.org.au/qjudgment/2005/QCA05-097.pdf,FALSE,NA: SCLQLD
http://archive.sclqld.org.au/qjudgment/2005/QCA05-103.pdf,FALSE,NA: SCLQLD
http://archive.sclqld.org.au/qjudgment/2005/QCA05-138.pdf,FALSE,NA: SCLQLD
http://archive.sclqld.org.au/qjudgment/2005/QCA05-369.pdf,FALSE,NA: SCLQLD
http://archive.sclqld.org.au/qjudgment/2006/QCA06-079.pdf,FALSE,NA: SCLQLD
http://archive.sclqld.org.au/qjudgment/2006/QCA06-080.pdf,FALSE,NA: SCLQLD
http://archive.sclqld.org.au/qjudgment/2006/QCA06-158.pdf,FALSE,NA: SCLQLD
http://archive.sclqld.org.au/qjudgment/2006/QCA06-162.pdf,FALSE,NA: SCLQLD
http://archive.sclqld.org.au/qjudgment/2006/QCA06-220.pdf,FALSE,NA: SCLQLD
http://archive.sclqld.org.au/qjudgment/2006/QCA06-244.pdf,FALSE,NA: SCLQLD
http://archive.sclqld.org.au/qjudgment/2006/QCA06-378.pdf,FALSE,NA: SCLQLD
http://archive.sclqld.org.au/qjudgment/2007/QCA07-066.pdf,FALSE,NA: SCLQLD
http://archive.sclqld.org.au/qjudgment/2007/QCA07-150.pdf,FALSE,NA: SCLQLD
http://archive.sclqld.org.au/qjudgment/2007/QCA07-161.pdf,FALSE,NA: SCLQLD
http://archive.sclqld.org.au/qjudgment/2007/QCA07-210.pdf,FALSE,NA: SCLQLD
http://archive.sclqld.org.au/qjudgment/2007/QCA07-219.pdf,FALSE,NA: SCLQLD
http://archive.sclqld.org.au/qjudgment/2007/QCA07-267.pdf,FALSE,NA: SCLQLD
http://archive.sclqld.org.au/qjudgment/2007/QCA07-383.pdf,FALSE,NA: SCLQLD
http://archive.sclqld.org.au/qjudgment/2008/QCA08-028.pdf,FALSE,NA: SCLQLD
http://archive.sclqld.org.au/qjudgment/2008/QCA08-145.pdf,FALSE,NA: SCLQLD
http://archive.sclqld.org.au/qjudgment/2008/QCA08-412.pdf,FALSE,NA: SCLQLD
http://archive.sclqld.org.au/qjudgment/2009/QCA09-028.pdf,FALSE,NA: SCLQLD
http://archive.sclqld.org.au/qjudgment/2009/QCA09-309.pdf,FALSE,NA: SCLQLD
http://archive.sclqld.org.au/qjudgment/2009/QCA09-332.pdf,FALSE,NA: SCLQLD
http://archive.sclqld.org.au/qjudgment/2009/QCA09-375.pdf,FALSE,NA: SCLQLD
http://archive.sclqld.org.au/qjudgment/2009/QDC09-061.pdf,FALSE,NA: SCLQLD
http://archive.sclqld.org.au/qjudgment/2010/QCA10-036.pdf,FALSE,NA: SCLQLD
http://archive.sclqld.org.au/qjudgment/2010/QCA10-117.pdf,FALSE,NA: SCLQLD
http://archive.sclqld.org.au/qjudgment/2010/QCA10-150.pdf,FALSE,NA: SCLQLD
http://archive.sclqld.org.au/qjudgment/2010/QCA10-194.pdf,FALSE,NA: SCLQLD
http://archive.sclqld.org.au/qjudgment/2010/QCA10-244.pdf,FALSE,NA: SCLQLD
http://archive.sclqld.org.au/qjudgment/2010/QCA10-342.pdf,FALSE,NA: SCLQLD
http://archive.sclqld.org.au/qjudgment/2010/QCA10-372.pdf,FALSE,NA: SCLQLD
http://archive.sclqld.org.au/qjudgment/2011/QCA11-019.pdf,FALSE,NA: SCLQLD
http://archive.sclqld.org.au/qjudgment/2011/QCA11-114.pdf,FALSE,NA: SCLQLD
http://archive.sclqld.org.au/qjudgment/2011/QCA11-123.pdf,FALSE,NA: SCLQLD
http://archive.sclqld.org.au/qjudgment/2011/QCA11-175.pdf,FALSE,NA: SCLQLD
http://archive.sclqld.org.au/qjudgment/2011/QCA11-339.pdf,FALSE,NA: SCLQLD
http://archive.sclqld.org.au/qjudgment/2011/QCA11-343.pdf,FALSE,NA: SCLQLD
http://archive.sclqld.org.au/qjudgment/2011/QCA11-386.pdf,FALSE,NA: SCLQLD
http://archive.sclqld.org.au/qjudgment/2012/QCA12-080.pdf,FALSE,NA: SCLQLD
http://archive.sclqld.org.au/qjudgment/2012/QCA12-082.pdf,FALSE,NA: SCLQLD
http://archive.sclqld.org.au/qjudgment/2012/QCA12-104.pdf,FALSE,NA: SCLQLD
http://archive.sclqld.org.au/qjudgment/2012/QCA12-111.pdf,FALSE,NA: SCLQLD
http://archive.sclqld.org.au/qjudgment/2012/QCA12-124.pdf,FALSE,NA: SCLQLD
http://archive.sclqld.org.au/qjudgment/2012/QCA12-167.pdf,FALSE,NA: SCLQLD
http://archive.sclqld.org.au/qjudgment/2012/QCA12-244.pdf,FALSE,NA: SCLQLD
http://archive.sclqld.org.au/qjudgment/2012/QCA12-248.pdf,FALSE,NA: SCLQLD
http://archive.sclqld.org.au/qjudgment/2012/QCA12-330.pdf,FALSE,NA: SCLQLD
http://archive.sclqld.org.au/qjudgment/2012/QCA12-337.pdf,FALSE,NA: SCLQLD
http://archive.sclqld.org.au/qjudgment/2012/QCA12-343.pdf,FALSE,NA: SCLQLD
http://archive.sclqld.org.au/qjudgment/2013/QCA13-052.pdf,FALSE,NA: SCLQLD
http://archive.sclqld.org.au/qjudgment/2013/QCA13-091.pdf,FALSE,NA: SCLQLD
http://archive.sclqld.org.au/qjudgment/2013/QCA13-163.pdf,FALSE,NA: SCLQLD
http://archive.sclqld.org.au/qjudgment/2013/QCA13-196.pdf,FALSE,NA: SCLQLD
http://archive.sclqld.org.au/qjudgment/2013/QCA13-223.pdf,FALSE,NA: SCLQLD
http://archive.sclqld.org.au/qjudgment/2013/QCA13-238.pdf,FALSE,NA: SCLQLD
http://archive.sclqld.org.au/qjudgment/2013/QCA13-246.pdf,FALSE,NA: SCLQLD
http://archive.sclqld.org.au/qjudgment/2013/QCA13-254.pdf,FALSE,NA: SCLQLD
http://archive.sclqld.org.au/qjudgment/2013/QCA13-342.pdf,FALSE,NA: SCLQLD
http://archive.sclqld.org.au/qjudgment/2014/QCA14-005.pdf,FALSE,NA: SCLQLD
http://archive.sclqld.org.au/qjudgment/2014/QCA14-104.pdf,FALSE,NA: SCLQLD
http://archive.sclqld.org.au/qjudgment/2014/QCA14-132.pdf,FALSE,NA: SCLQLD
http://archive.sclqld.org.au/qjudgment/2014/QCA14-164.pdf,FALSE,NA: SCLQLD
http://archive.sclqld.org.au/qjudgment/2014/QCA14-289.pdf,FALSE,NA: SCLQLD
http://archive.sclqld.org.au/qjudgment/2014/QCA14-299.pdf,FALSE,NA: SCLQLD
http://archive.sclqld.org.au/qjudgment/2015/QCA15-123.pdf,FALSE,NA: SCLQLD
http://archive.sclqld.org.au/qjudgment/2015/QCA15-167.pdf,FALSE,NA: SCLQLD
http://archive.sclqld.org.au/qjudgment/2016/QCA16-027.pdf,FALSE,NA: SCLQLD
http://archive.sclqld.org.au/qjudgment/2016/QCA16-044.pdf,FALSE,NA: SCLQLD
http://archive.sclqld.org.au/qjudgment/2016/QCA16-071.pdf,FALSE,NA: SCLQLD
http://archive.sclqld.org.au/qjudgment/2016/QCA16-123.pdf,FALSE,NA: SCLQLD
http://archive.sclqld.org.au/qjudgment/2016/QCA16-144.pdf,FALSE,NA: SCLQLD
http://archive.sclqld.org.au/qjudgment/2016/QCA16-248.pdf,FALSE,NA: SCLQLD
http://archive.sclqld.org.au/qjudgment/2016/QCA16-302.pdf,FALSE,NA: SCLQLD
https://1.next.westlaw.com/Browse/Home/InternationalMaterials/UnitedKingdom/UnitedKingdomCases/UnitedKingdomCasesCriminalAppealReports?transitionType=Default&contextData=(sc.Default),FALSE,NA: ThomsonReuters
http://www.austlii.edu.au/cgi-bin/viewdoc/au/cases/cth/HCA/2005/34.html?context=1;query=fingleton%20;mask_path=au/cases/cth/HCA,TRUE,https://jade.io/article/309
http://www.austlii.edu.au/cgi-bin/viewdoc/au/cases/nsw/NSWCCA/2009/171.html,TRUE,https://jade.io/article/95895
http://www.judicialcollege.vic.edu.au/eManuals/CCB/index.htm,FALSE,UNMAPPED; Accessible
https://advance.lexis.com/document/onecase/?pdmfid=1201008&crid=b0c2e087-bbbe-4a94-8908-0f9766b3fa19&pddocfullpath=%2Fshared%2Fdocument%2Fcases-au%2Furn%3AcontentItem%3A58Y4-73C1-JT42-S0MG-00000-00&pdcontentcomponentid=267694&pdteaserkey=cr5&pdicsfeatureid=1517127&pditab=allpods&ecomp=spqxk&earg=cr5&prid=9482d92b-3b70-4c55-a86b-2352e036172f,FALSE,NA: LexisNexis
http://www6.austlii.edu.au/cgi-bin/viewdoc/au/cases/vic/VSCA/2007/95.html?query=,FALSE,NA: LexisNexis
https://advance-lexis-com.ezproxy-az.sclqld.org.au/api/permalink/07e298e6-6b9e-4750-8bf6-f163a41e3d9e/?context=1201008&identityprofileid=98NNDT55483,FALSE,NA: LexisNexis
https://advance-lexis-com.ezproxy-az.sclqld.org.au/api/permalink/1cd22bce-85bb-4cd3-bbf2-7881cbe9ad44/?context=1201008&identityprofileid=98NNDT55483,FALSE,NA: LexisNexis
https://advance-lexis-com.ezproxy-az.sclqld.org.au/api/permalink/23b59d72-0e95-4075-bfe3-9d60279ef059/?context=1201008&identityprofileid=98NNDT55483,FALSE,NA: LexisNexis
https://advance-lexis-com.ezproxy-az.sclqld.org.au/api/permalink/35421119-b0cc-43c7-bd2c-85a44bc240ee/?context=1201008&identityprofileid=98NNDT55483,FALSE,NA: LexisNexis
https://advance-lexis-com.ezproxy-az.sclqld.org.au/api/permalink/5fbfe429-3fb8-4a51-b7b9-5b8c4120476a/?context=1201008&identityprofileid=98NNDT55483,FALSE,NA: LexisNexis
https://advance-lexis-com.ezproxy-az.sclqld.org.au/api/permalink/de1a8a6b-e927-4345-be83-116734932dcd/?context=1201008&identityprofileid=98NNDT55483,FALSE,NA: LexisNexis
https://advance-lexis-com.ezproxy-az.sclqld.org.au/api/permalink/e07322c1-da01-48d3-a2d8-5474aafe1932/?context=1201008&identityprofileid=98NNDT55483,TRUE,https://jade.io/article/169523
https://advance-lexis-com.ezproxy-az.sclqld.org.au/api/permalink/f0155cea-7dd1-4053-8111-945afeddce2f/?context=1201008&identityprofileid=98NNDT55483,FALSE,NA: LexisNexis
http://www7.austlii.edu.au/au/cases/vic/VicLawRp/1955/18.pdf,FALSE,UNMAPPED; Accessible
https://advance-lexis-com.ezproxy-az.sclqld.org.au/document/documentlink/?pdmfid=1201008&crid=1d30bcdb-1ba8-44c3-a48d-9a6504faf7e7&pddocfullpath=%2Fshared%2Fdocument%2Fcases-au%2Furn%3AcontentItem%3A65PS-2CC1-F4GK-M1FS-00000-00&pdcontentcomponentid=267708&pddoctitle=%5B2022%5D+QCA+108&pdproductcontenttypeid=urn%3Apct%3A170&pdiskwicview=false&ecomp=g2z2k&prid=4ebd1e4a-1e67-43e8-a783-1d707b2fe1e8,TRUE,https://jade.io/article/934435
https://advance-lexis-com.ezproxy-az.sclqld.org.au/document/documentlink/?pdmfid=1201008&crid=63484259-083e-4e7b-8365-531bb41e393b&pddocfullpath=%2Fshared%2Fdocument%2Fcases-au%2Furn%3AcontentItem%3A58YF-NCS1-FGCG-S17N-00000-00&pdcontentcomponentid=267689&pddoctitle=(1997)+143+ALR+498&pdproductcontenttypeid=urn%3Apct%3A170&pdiskwicview=false&ecomp=g2z2k&prid=5ad967e5-d383-4c1c-bd91-9caac7bbfe92,FALSE,NA: LexisNexis
https://advance-lexis-com.ezproxy-az.sclqld.org.au/document/documentlink/?pdmfid=1201008&crid=6dcbd15a-dfa9-454b-89dc-15a90c80abdf&pddocfullpath=%2Fshared%2Fdocument%2Fanalytical-materials-au%2Furn%3AcontentItem%3A58Y3-T851-JXNB-635M-00000-00&pdpinpoint=CLQ.CC.CRIMCQ.S425&pdcontentcomponentid=600556&pddoctitle=%5Bs+425%5D&pdproductcontenttypeid=urn%3Apct%3A166&pdiskwicview=false&ecomp=k2z2k&prid=84260452-dc68-47b1-be74-90756564a8be,FALSE,NA: LexisNexis
https://advance-lexis-com.ezproxy-az.sclqld.org.au/document/documentlink/?pdmfid=1201008&crid=a05403e8-bb4f-417f-82cd-7dfdc236022b&pddocfullpath=%2Fshared%2Fdocument%2Fcases-au%2Furn%3AcontentItem%3A5KN9-N9G1-F956-S520-00000-00&pdcontentcomponentid=267712&pddoctitle=%5B2016%5D+VSCA+100&pdproductcontenttypeid=urn%3Apct%3A170&pdiskwicview=false&ecomp=g2z2k&prid=b43cfc99-a914-414c-893d-a3e141041d9e,FALSE,NA: LexisNexis
https://advance-lexis-com.ezproxy-az.sclqld.org.au/document/documentlink/?pdmfid=1201008&crid=ac3b899d-e19e-4098-af75-f746e5218e44&pddocfullpath=%2Fshared%2Fdocument%2Fcases-au%2Furn%3AcontentItem%3A5FH3-XY71-FBFS-S26G-00000-00&pdcontentcomponentid=267694&pddoctitle=(2014)+86+NSWLR+623&pdproductcontenttypeid=urn%3Apct%3A170&pdiskwicview=false&ecomp=g2z2k&prid=639a604f-965d-40ca-82e6-ab861e22c094,FALSE,NA: LexisNexis
https://1.next.westlaw.com/Link/Document/Blob/I23082FB0122211DDB3CBE2AC6B57B4D3.pdf?targetType=inline&originationContext=document&transitionType=DocumentImage&uniqueId=b4596cad-da81-4a1a-aa45-fb626256f467&contextData=(sc.DocLink),FALSE,NA: ThomsonReuters
https://advance-lexis-com.ezproxy-az.sclqld.org.au/document/onecase/?pdmfid=1201008&crid=1a27d1b8-0f26-48f5-bff5-22b33b6e1358&pddocfullpath=%2Fshared%2Fdocument%2Fcases-au%2Furn%3AcontentItem%3A58XY-4X31-FCCX-607P-00000-00&pdcontentcomponentid=267700&pdteaserkey=cr1&pdicsfeatureid=1517127&pditab=allpods&ecomp=hctpk&earg=cr1&prid=923aa83d-76e6-46a5-a77b-8e6836ca4804,FALSE,NA: LexisNexis
https://advance-lexis-com.ezproxy-az.sclqld.org.au/document/onecase/?pdmfid=1201008&crid=3741599f-878a-4a8e-9b75-15ff42860063&pddocfullpath=%2Fshared%2Fdocument%2Fcases-au%2Furn%3AcontentItem%3A58VX-8PJ1-FBV7-B00K-00000-00&pdcontentcomponentid=267712&pdteaserkey=cr2&pdicsfeatureid=1517127&pditab=allpods&ecomp=hctpk&earg=cr2&prid=0b32f778-7368-456f-9c19-f1f972cf4d2e,FALSE,NA: LexisNexis
https://advance-lexis-com.ezproxy-az.sclqld.org.au/document/onecase/?pdmfid=1201008&crid=6577de97-34fb-449a-8548-3312c556ef55&pddocfullpath=%2Fshared%2Fdocument%2Fcases-au%2Furn%3AcontentItem%3A58YW-YGJ1-JGPY-X00F-00000-00&pdcontentcomponentid=267689&pdteaserkey=cr2&pdicsfeatureid=1517127&pditab=allpods&ecomp=hwtpk&earg=cr2&prid=1398cf6c-65cd-4d4e-a44a-2e4c68b3287c,FALSE,NA: LexisNexis
https://1.next.westlaw.com/Link/Document/Blob/ICB9C3B50122011DDB3CBE2AC6B57B4D3.pdf?targetType=inline&originationContext=document&transitionType=DocumentImage&uniqueId=28af1949-a29f-4a07-a8cd-8e2821c71071&contextData=(sc.DocLink),FALSE,NA: ThomsonReuters
https://advance-lexis-com.ezproxy-az.sclqld.org.au/document/onecase/?pdmfid=1201008&crid=fc9ac081-030d-428f-a18f-09184595b47d&pddocfullpath=%2Fshared%2Fdocument%2Fcases-au%2Furn%3AcontentItem%3A5SM9-G441-F1WF-M2G8-00000-00&pdcontentcomponentid=267708&pdteaserkey=cr2&pdicsfeatureid=1517127&pditab=allpods&ecomp=hctpk&earg=cr2&prid=3b8415b2-7479-4be0-a425-f59030f2e5b6,TRUE,https://jade.io/article/592896
https://advance-lexis-com.ezproxy-az.sclqld.org.au/document/?pdmfid=1201008&crid=c50bb7ff-acb2-4654-958a-63d7fec84c23&pddocfullpath=%2Fshared%2Fdocument%2Fcases-au%2Furn%3AcontentItem%3A5PB3-H441-FFFC-B09G-00000-00&pdcontentcomponentid=267708&pdshepid=urn%3AcontentItem%3A5PB3-H441-FFFC-B09G-00000-00&pdteaserkey=sr0&pdicsfeatureid=1517127&pditab=allpods&ecomp=hwtpk&earg=sr0&prid=7a737290-5d59-41c4-a16b-618471f9cbbe,TRUE,https://jade.io/article/207164
https://advance-lexis-com.ezproxy-az.sclqld.org.au/search/?pdmfid=1201008&crid=e06bd632-11a9-493f-b4ce-07d8367f12df&pdsearchterms=standen+v+director+of+public+prosecutions+(dpp)+(cth)+—+(2011)+254+flr+467%3B+(2011)+218+a+crim+r+28%3B+%5B2011%5D+nswcca+187%3B+bc201106085&pdicsfeatureid=1517127&pdstartin=hlct%3A1%3A1&pdcaseshlctselectedbyuser=false&pdtypeofsearch=searchboxclick&pdsearchtype=SearchBox&pdqttype=and&pdpsf=his%3A1%3A1&pdquerytemplateid=&ecomp=g2dnk&earg=pdpsf&prid=7e6d9b01-3a0a-4015-8fd5-83a6e4d68cab,FALSE,NA: LexisNexis
https://1.next.westlaw.com/Link/Document/FullText?findType=g&serNum=1985031168&pubNum=4705&originatingDoc=I5A4A1440E42811DA8FC2A0F0355337E9&refType=UD&originationContext=document&transitionType=DocumentItem&contextData=(sc.UserEnteredCitation),FALSE,NA: ThomsonReuters
https://a.next.westlaw.com/Document/I0C36BE70E42811DA8FC2A0F0355337E9/View/FullText.html?navigationPath=Search%2Fv3%2Fsearch%2Fresults%2Fnavigation%2Fi0ad6040d000001537c71e00fa4142741%3FNav%3DINTERNATIONAL-CASES%26fragmentIdentifier%3DI0C36BE70E42811DA8FC2A0F0355337E9%26startIndex%3D1%26contextData%3D%2528sc.Search%2529%26transitionType%3DSearchItem&listSource=Search&listPageSource=4cf985e53c104ae26a8d7f35c0262a08&list=INTERNATIONAL-CASES&rank=1&grading=na&sessionScopeId=9c6398fda1c5a4cf9d809a85968f93cc&originationContext=Search%20Result&transitionType=SearchItem&contextData=%28sc.Search%29,FALSE,NA: ThomsonReuters
https://a.next.westlaw.com/Document/I56CA3C50E42811DA8FC2A0F0355337E9/View/FullText.html?navigationPath=Search%2Fv3%2Fsearch%2Fresults%2Fnavigation%2Fi0ad604020000015359c553404263ce2a%3FNav%3DINTERNATIONAL-CASES%26fragmentIdentifier%3DI56CA3C50E42811DA8FC2A0F0355337E9%26startIndex%3D1%26contextData%3D%2528sc.Search%2529%26transitionType%3DSearchItem&listSource=Search&listPageSource=39a99cb5c35e44667952483728a608f2&list=INTERNATIONAL-CASES&rank=1&grading=na&sessionScopeId=ed11f484f99f0961f5b4396d7d076c69&originationContext=Search%20Result&transitionType=SearchItem&contextData=%28sc.Search%29,FALSE,NA: ThomsonReuters
https://anzlaw.thomsonreuters.com/Document/I02560e9088e611e8aca5bab3c9b3f468/View/FullText.html?transitionType=Default&contextData=(sc.Default)&VR=3.0&RS=cblt1.0,FALSE,NA: ThomsonReuters
https://anzlaw.thomsonreuters.com/Document/I034c0b0087ac11e8aca5bab3c9b3f468/View/FullText.html?transitionType=Default&contextData=(sc.Default)&VR=3.0&RS=cblt1.0,FALSE,NA: ThomsonReuters
https://anzlaw.thomsonreuters.com/Document/I058b1ec0881e11e8aca5bab3c9b3f468/View/FullText.html?transitionType=Default&contextData=(sc.Default)&VR=3.0&RS=cblt1.0,FALSE,NA: ThomsonReuters
https://anzlaw.thomsonreuters.com/Document/I06ede740881711e8aca5bab3c9b3f468/View/FullText.html?transitionType=Default&contextData=(sc.Default)&VR=3.0&RS=cblt1.0,FALSE,NA: ThomsonReuters
https://anzlaw.thomsonreuters.com/Document/I06f5b54087b011e8aca5bab3c9b3f468/View/FullText.html?transitionType=Default&contextData=(sc.Default)&VR=3.0&RS=cblt1.0,FALSE,NA: ThomsonReuters
https://anzlaw.thomsonreuters.com/Document/I082af8b088a711e8aca5bab3c9b3f468/View/FullText.html?transitionType=Default&contextData=(sc.Default)&VR=3.0&RS=cblt1.0,FALSE,NA: ThomsonReuters
https://anzlaw.thomsonreuters.com/Document/I0d1d702087ba11e8aca5bab3c9b3f468/View/FullText.html?transitionType=Default&contextData=(sc.Default)&VR=3.0&RS=cblt1.0,FALSE,NA: ThomsonReuters
https://anzlaw.thomsonreuters.com/Document/I0f05d27087aa11e8aca5bab3c9b3f468/View/FullText.html?transitionType=UniqueDocItem&contextData=(sc.Default)&userEnteredCitation=Butera+v+Director+of+Public+Prosecutions+(1987)+164+CLR+180&comp=wlau,FALSE,NA: ThomsonReuters
https://anzlaw.thomsonreuters.com/Document/I0ffc5e3088ac11e8aca5bab3c9b3f468/View/FullText.html?transitionType=Default&contextData=(sc.Default)&VR=3.0&RS=cblt1.0,FALSE,NA: ThomsonReuters
https://anzlaw.thomsonreuters.com/Document/I13d9951087bf11e8aca5bab3c9b3f468/View/FullText.html?transitionType=Default&contextData=(sc.Default)&VR=3.0&RS=cblt1.0,FALSE,NA: ThomsonReuters
https://anzlaw.thomsonreuters.com/Document/I169c9e50880f11e8aca5bab3c9b3f468/View/FullText.html?transitionType=Default&contextData=(sc.Default)&VR=3.0&RS=cblt1.0,FALSE,NA: ThomsonReuters
https://anzlaw.thomsonreuters.com/Document/I17f819f088af11e8aca5bab3c9b3f468/View/FullText.html?transitionType=Default&contextData=(sc.Default)&VR=3.0&RS=cblt1.0,FALSE,NA: ThomsonReuters
https://anzlaw.thomsonreuters.com/Document/I191e90e087a411e8aca5bab3c9b3f468/View/FullText.html?transitionType=Default&contextData=(sc.Default)&VR=3.0&RS=cblt1.0,FALSE,NA: ThomsonReuters
https://anzlaw.thomsonreuters.com/Document/I1d1ff2e087ba11e8aca5bab3c9b3f468/View/FullText.html?transitionType=Default&contextData=(sc.Default)&VR=3.0&RS=cblt1.0,FALSE,NA: ThomsonReuters
https://anzlaw.thomsonreuters.com/Document/I20ed04f088c111e8aca5bab3c9b3f468/View/FullText.html?transitionType=Default&contextData=(sc.Default)&VR=3.0&RS=cblt1.0,FALSE,NA: ThomsonReuters
https://anzlaw.thomsonreuters.com/Document/I279f517087ab11e8aca5bab3c9b3f468/View/FullText.html?transitionType=Default&contextData=(sc.Default)&VR=3.0&RS=cblt1.0,FALSE,NA: ThomsonReuters
https://anzlaw.thomsonreuters.com/Document/I2c813da088ac11e8aca5bab3c9b3f468/View/FullText.html?transitionType=Default&contextData=(sc.Default)&VR=3.0&RS=cblt1.0,FALSE,NA: ThomsonReuters
https://anzlaw.thomsonreuters.com/Document/I2cd00b10881611e8aca5bab3c9b3f468/View/FullText.html?transitionType=UniqueDocItem&contextData=(sc.UserEnteredCitation)&userEnteredCitation=115+a+crim+r+582&comp=wlau,FALSE,NA: ThomsonReuters
https://anzlaw.thomsonreuters.com/Document/I2eb9b9c088b211e8aca5bab3c9b3f468/View/FullText.html?transitionType=Default&contextData=(sc.Default)&VR=3.0&RS=cblt1.0,FALSE,NA: ThomsonReuters
https://anzlaw.thomsonreuters.com/Document/I2ec8c9709e4a11e9bf2e892031bbe848/View/FullText.html?transitionType=Default&contextData=(sc.Default)&VR=3.0&RS=cblt1.0,FALSE,NA: ThomsonReuters
https://anzlaw.thomsonreuters.com/Document/I2f499fc05b3211ed806e89148bcf640e/View/FullText.html?transitionType=Default&contextData=(sc.Default)&VR=3.0&RS=cblt1.0,FALSE,NA: ThomsonReuters
https://anzlaw.thomsonreuters.com/Document/I2f759600897e11e8aca5bab3c9b3f468/View/FullText.html?transitionType=Default&contextData=(sc.Default)&VR=3.0&RS=cblt1.0,FALSE,NA: ThomsonReuters
https://anzlaw.thomsonreuters.com/Document/I30ffa79088b111e8aca5bab3c9b3f468/View/FullText.html?transitionType=Default&contextData=(sc.Default)&VR=3.0&RS=cblt1.0,FALSE,NA: ThomsonReuters
https://anzlaw.thomsonreuters.com/Document/I31123800891b11e8aca5bab3c9b3f468/View/FullText.html?transitionType=Default&contextData=(sc.Default)&VR=3.0&RS=cblt1.0,FALSE,NA: ThomsonReuters
https://anzlaw.thomsonreuters.com/Document/I325d56d0893511e8aca5bab3c9b3f468/View/FullText.html?transitionType=UniqueDocItem&contextData=(sc.Search)&userEnteredCitation=%5b1986%5d+vr+643&comp=wlau,FALSE,NA: ThomsonReuters
https://anzlaw.thomsonreuters.com/Document/I3387324088b011e8aca5bab3c9b3f468/View/FullText.html?transitionType=Default&contextData=(sc.Default)&VR=3.0&RS=cblt1.0,FALSE,NA: ThomsonReuters
https://anzlaw.thomsonreuters.com/Document/I3387324088b011e8aca5bab3c9b3f468/View/FullText.html?transitionType=UniqueDocItem&contextData=(sc.Default)&userEnteredCitation=(2006)+165+A+Crim+R+14&comp=wlau,FALSE,NA: ThomsonReuters
https://anzlaw.thomsonreuters.com/Document/I33b9cb7088e611e8aca5bab3c9b3f468/View/FullText.html?transitionType=Default&contextData=(sc.Default)&VR=3.0&RS=cblt1.0,FALSE,NA: ThomsonReuters
https://anzlaw.thomsonreuters.com/Document/I345516d0802f11e8b22785ae5ff38a3b/View/FullText.html?transitionType=Default&contextData=(sc.Default)&VR=3.0&RS=cblt1.0,FALSE,NA: ThomsonReuters
https://anzlaw.thomsonreuters.com/Document/I34835ed088ab11e8aca5bab3c9b3f468/View/FullText.html?transitionType=Default&contextData=(sc.Default)&VR=3.0&RS=cblt1.0,FALSE,NA: ThomsonReuters
https://anzlaw.thomsonreuters.com/Document/I37d5c5a0899111e8aca5bab3c9b3f468/View/FullText.html?transitionType=Default&contextData=(sc.Default)&VR=3.0&RS=cblt1.0,TRUE,https://jade.io/article/142452
https://anzlaw.thomsonreuters.com/Document/I38403f00881711e8aca5bab3c9b3f468/View/FullText.html?transitionType=Default&contextData=(sc.Default)&VR=3.0&RS=cblt1.0,FALSE,NA: ThomsonReuters
https://anzlaw.thomsonreuters.com/Document/I3a813b30891011e8aca5bab3c9b3f468/View/FullText.html?transitionType=Default&contextData=(sc.Default)&VR=3.0&RS=cblt1.0,FALSE,NA: ThomsonReuters
https://anzlaw.thomsonreuters.com/Document/I3ad35c40078011ea9baa96370827cab3/View/FullText.html?transitionType=Default&contextData=(sc.Default)&VR=3.0&RS=cblt1.0,FALSE,NA: ThomsonReuters
https://anzlaw.thomsonreuters.com/Document/I3c17d2a088c111e8aca5bab3c9b3f468/View/FullText.html?transitionType=Default&contextData=(sc.Default)&VR=3.0&RS=cblt1.0,FALSE,NA: ThomsonReuters
https://anzlaw.thomsonreuters.com/Document/I3dc7a20087af11e8aca5bab3c9b3f468/View/FullText.html?transitionType=Default&contextData=(sc.Default)&VR=3.0&RS=cblt1.0,FALSE,NA: ThomsonReuters
https://anzlaw.thomsonreuters.com/Document/I3e768ef0881811e8aca5bab3c9b3f468/View/FullText.html?transitionType=Default&contextData=(sc.Default)&VR=3.0&RS=cblt1.0,FALSE,NA: ThomsonReuters
https://anzlaw.thomsonreuters.com/Document/I40006290893111e8aca5bab3c9b3f468/View/FullText.html?transitionType=Default&contextData=(sc.Default)&VR=3.0&RS=cblt1.0,FALSE,NA: ThomsonReuters
https://anzlaw.thomsonreuters.com/Document/I41051870891d11e8aca5bab3c9b3f468/View/FullText.html?transitionType=Default&contextData=(sc.Default)&VR=3.0&RS=cblt1.0,FALSE,NA: ThomsonReuters
https://anzlaw.thomsonreuters.com/Document/I4106a06087af11e8aca5bab3c9b3f468/View/FullText.html?transitionType=Default&contextData=(sc.Default)&VR=3.0&RS=cblt1.0,FALSE,NA: ThomsonReuters
https://anzlaw.thomsonreuters.com/Document/I41e3c2a088af11e8aca5bab3c9b3f468/View/FullText.html?transitionType=Default&contextData=(sc.Default)&VR=3.0&RS=cblt1.0,FALSE,NA: ThomsonReuters
https://anzlaw.thomsonreuters.com/Document/I431d2bb087ac11e8aca5bab3c9b3f468/View/FullText.html?transitionType=Default&contextData=(sc.Default)&VR=3.0&RS=cblt1.0,FALSE,NA: ThomsonReuters
https://anzlaw.thomsonreuters.com/Document/I43ab2d5087cc11e8aca5bab3c9b3f468/View/FullText.html?transitionType=Default&contextData=(sc.Default)&VR=3.0&RS=cblt1.0,FALSE,NA: ThomsonReuters
https://anzlaw.thomsonreuters.com/Document/I43ab2d5087cc11e8aca5bab3c9b3f468/View/FullText.html?transitionType=UniqueDocItem&contextData=(sc.UserEnteredCitation)&userEnteredCitation=Zaburoni+v+The+Queen+(2016)+256+CLR+482&comp=wlau,FALSE,NA: ThomsonReuters
https://anzlaw.thomsonreuters.com/Document/I44eaa4d0881111e8aca5bab3c9b3f468/View/FullText.html?transitionType=Default&contextData=(sc.Default)&VR=3.0&RS=cblt1.0,FALSE,NA: ThomsonReuters
https://anzlaw.thomsonreuters.com/Document/I4585417088b111e8aca5bab3c9b3f468/View/FullText.html?transitionType=UniqueDocItem&contextData=(sc.UserEnteredCitation)&userEnteredCitation=R+v+Lake%2c+Carstein+and+Geerlings+(2007)+174+A+Crim+R+491&comp=wlau,FALSE,NA: ThomsonReuters
https://anzlaw.thomsonreuters.com/Document/I48025d2088b611e8aca5bab3c9b3f468/View/FullText.html?transitionType=Default&contextData=(sc.Default)&VR=3.0&RS=cblt1.0,FALSE,NA: ThomsonReuters
https://anzlaw.thomsonreuters.com/Document/I480a94a0c84e11ec80f2b5f863c5057e/View/FullText.html?transitionType=Default&contextData=(sc.Default)&VR=3.0&RS=cblt1.0,FALSE,NA: ThomsonReuters
https://anzlaw.thomsonreuters.com/Document/I4993857088ab11e8aca5bab3c9b3f468/View/FullText.html?transitionType=Default&contextData=(sc.Default)&VR=3.0&RS=cblt1.0,TRUE,https://jade.io/article/206991
https://anzlaw.thomsonreuters.com/Document/I49fbcfa0891811e8aca5bab3c9b3f468/View/FullText.html?transitionType=Default&contextData=(sc.Default)&VR=3.0&RS=cblt1.0,FALSE,NA: ThomsonReuters
https://anzlaw.thomsonreuters.com/Document/I4bfbbf50890d11e8aca5bab3c9b3f468/View/FullText.html?transitionType=Default&contextData=(sc.Default)&VR=3.0&RS=cblt1.0,FALSE,NA: ThomsonReuters
https://anzlaw.thomsonreuters.com/Document/I4f1fe390881911e8aca5bab3c9b3f468/View/FullText.html?transitionType=Default&contextData=(sc.Default)&VR=3.0&RS=cblt1.0,FALSE,NA: ThomsonReuters
https://anzlaw.thomsonreuters.com/Document/I4fcd4340891911e8aca5bab3c9b3f468/View/FullText.html?transitionType=Default&contextData=(sc.Default)&VR=3.0&RS=cblt1.0,FALSE,NA: ThomsonReuters
https://anzlaw.thomsonreuters.com/Document/I4ff8792088f111e8aca5bab3c9b3f468/View/FullText.html?transitionType=Default&contextData=(sc.Default)&VR=3.0&RS=cblt1.0,FALSE,NA: ThomsonReuters
https://anzlaw.thomsonreuters.com/Document/I5116abf0d60d11e9949598af0f2d689b/View/FullText.html?transitionType=Default&contextData=(sc.Default)&VR=3.0&RS=cblt1.0,FALSE,NA: ThomsonReuters
https://anzlaw.thomsonreuters.com/Document/I5168ae50891a11e8aca5bab3c9b3f468/View/FullText.html?transitionType=Default&contextData=(sc.Default)&VR=3.0&RS=cblt1.0,FALSE,NA: ThomsonReuters
https://anzlaw.thomsonreuters.com/Document/I52b9bed088ab11e8aca5bab3c9b3f468/View/FullText.html?transitionType=Default&contextData=(sc.Default)&VR=3.0&RS=cblt1.0,FALSE,NA: ThomsonReuters
https://anzlaw.thomsonreuters.com/Document/I53bdf1a087a911e8aca5bab3c9b3f468/View/FullText.html?transitionType=UniqueDocItem&contextData=(sc.Default)&userEnteredCitation=161+CLR+158&comp=wlau,FALSE,NA: ThomsonReuters
https://anzlaw.thomsonreuters.com/Document/I53e2a3e088aa11e8aca5bab3c9b3f468/View/FullText.html?transitionType=Default&contextData=(sc.Default)&VR=3.0&RS=cblt1.0,FALSE,NA: ThomsonReuters
https://anzlaw.thomsonreuters.com/Document/I54b4bcc088b111e8aca5bab3c9b3f468/View/FullText.html?transitionType=UniqueDocItem&contextData=(sc.UserEnteredCitation)&userEnteredCitation=R+v+Le+(2007)+173+A+Crim+R+450&comp=wlau,FALSE,NA: ThomsonReuters
https://anzlaw.thomsonreuters.com/Document/I578bc9e087a611e8aca5bab3c9b3f468/View/FullText.html?transitionType=Default&contextData=(sc.Default)&VR=3.0&RS=cblt1.0,FALSE,NA: ThomsonReuters
https://anzlaw.thomsonreuters.com/Document/I5a466c8087e711e8aca5bab3c9b3f468/View/FullText.html?transitionType=Default&contextData=(sc.Default)&VR=3.0&RS=cblt1.0,FALSE,NA: ThomsonReuters
https://anzlaw.thomsonreuters.com/Document/I5a80a79088b111e8aca5bab3c9b3f468/View/FullText.html?transitionType=Default&contextData=(sc.Default)&VR=3.0&RS=cblt1.0,FALSE,NA: ThomsonReuters
https://anzlaw.thomsonreuters.com/Document/I5aa0b16087ae11e8aca5bab3c9b3f468/View/FullText.html?transitionType=Default&contextData=(sc.Default)&VR=3.0&RS=cblt1.0,FALSE,NA: ThomsonReuters
https://anzlaw.thomsonreuters.com/Document/I5c169b00881b11e8aca5bab3c9b3f468/View/FullText.html?transitionType=Default&contextData=(sc.Default)&VR=3.0&RS=cblt1.0,FALSE,NA: ThomsonReuters
https://anzlaw.thomsonreuters.com/Document/I5c173740881b11e8aca5bab3c9b3f468/View/FullText.html?transitionType=Default&contextData=(sc.Default)&VR=3.0&RS=cblt1.0,FALSE,NA: ThomsonReuters
https://anzlaw.thomsonreuters.com/Document/I5dfe39c088aa11e8aca5bab3c9b3f468/View/FullText.html?transitionType=Default&contextData=(sc.Default)&VR=3.0&RS=cblt1.0,FALSE,NA: ThomsonReuters
https://anzlaw.thomsonreuters.com/Document/I5eaf5f5088c011e8aca5bab3c9b3f468/View/FullText.html?transitionType=UniqueDocItem&contextData=(sc.UserEnteredCitation)&userEnteredCitation=R+v+Beames+(1979)+1+A+Crim+R+239&comp=wlau,FALSE,NA: ThomsonReuters
https://anzlaw.thomsonreuters.com/Document/I60a34e60893411e8aca5bab3c9b3f468/View/FullText.html?transitionType=Default&contextData=(sc.Default)&VR=3.0&RS=cblt1.0,FALSE,NA: ThomsonReuters
https://anzlaw.thomsonreuters.com/Document/I60e108e087ae11e8aca5bab3c9b3f468/View/FullText.html?transitionType=Default&contextData=(sc.Default)&VR=3.0&RS=cblt1.0,FALSE,NA: ThomsonReuters
https://anzlaw.thomsonreuters.com/Document/I61b10950893e11e8aca5bab3c9b3f468/View/FullText.html?transitionType=Default&contextData=(sc.Default)&VR=3.0&RS=cblt1.0,FALSE,NA: ThomsonReuters
https://anzlaw.thomsonreuters.com/Document/I623b8ba087b511e8aca5bab3c9b3f468/View/FullText.html?transitionType=Default&contextData=(sc.Default)&VR=3.0&RS=cblt1.0,FALSE,NA: ThomsonReuters
https://anzlaw.thomsonreuters.com/Document/I62e601f088b111e8aca5bab3c9b3f468/View/FullText.html?transitionType=Default&contextData=(sc.Default)&VR=3.0&RS=cblt1.0,FALSE,NA: ThomsonReuters
https://anzlaw.thomsonreuters.com/Document/I63a2bbe088a911e8aca5bab3c9b3f468/View/FullText.html?transitionType=Default&contextData=(sc.Default)&VR=3.0&RS=cblt1.0,TRUE,https://jade.io/article/206684
https://anzlaw.thomsonreuters.com/Document/I647b92c087c411e8aca5bab3c9b3f468/View/FullText.html?transitionType=Default&contextData=(sc.Default)&VR=3.0&RS=cblt1.0,FALSE,NA: ThomsonReuters
https://anzlaw.thomsonreuters.com/Document/I65018ef088b111e8aca5bab3c9b3f468/View/FullText.html?transitionType=Default&contextData=(sc.Default)&VR=3.0&RS=cblt1.0,FALSE,NA: ThomsonReuters
https://anzlaw.thomsonreuters.com/Document/I66bc136088b511e8aca5bab3c9b3f468/View/FullText.html?transitionType=Default&contextData=(sc.Default)&VR=3.0&RS=cblt1.0,FALSE,NA: ThomsonReuters
https://anzlaw.thomsonreuters.com/Document/I686d1b9088b111e8aca5bab3c9b3f468/View/FullText.html?transitionType=UniqueDocItem&contextData=(sc.UserEnteredCitation)&userEnteredCitation=R+v+De+Silva+(2007)+176+A+Crim+R+238&comp=wlau,FALSE,NA: ThomsonReuters
https://anzlaw.thomsonreuters.com/Document/I6929788087c611e8aca5bab3c9b3f468/View/FullText.html?transitionType=Default&contextData=(sc.Default)&VR=3.0&RS=cblt1.0,FALSE,NA: ThomsonReuters
https://anzlaw.thomsonreuters.com/Document/I69d892b0881211e8aca5bab3c9b3f468/View/FullText.html?transitionType=Default&contextData=(sc.Default)&VR=3.0&RS=cblt1.0,FALSE,NA: ThomsonReuters
https://anzlaw.thomsonreuters.com/Document/I6a7f8bf0892111e8aca5bab3c9b3f468/View/FullText.html?transitionType=Default&contextData=(sc.Default)&VR=3.0&RS=cblt1.0,FALSE,NA: ThomsonReuters
https://anzlaw.thomsonreuters.com/Document/I6c8fbdc0896211e8aca5bab3c9b3f468/View/FullText.html?originationContext=typeAhead&transitionType=Default&contextData=%28sc.Default%29&comp=wlau,FALSE,NA: ThomsonReuters
https://anzlaw.thomsonreuters.com/Document/I6c914460896211e8aca5bab3c9b3f468/View/FullText.html?transitionType=Default&contextData=(sc.Default)&VR=3.0&RS=cblt1.0,FALSE,NA: ThomsonReuters
https://anzlaw.thomsonreuters.com/Document/I6d307040881211e8aca5bab3c9b3f468/View/FullText.html?transitionType=Default&contextData=(sc.Default)&VR=3.0&RS=cblt1.0,FALSE,NA: ThomsonReuters
https://anzlaw.thomsonreuters.com/Document/I6d4159c088ce11e8aca5bab3c9b3f468/View/FullText.html?transitionType=Default&contextData=(sc.Default)&VR=3.0&RS=cblt1.0,FALSE,NA: ThomsonReuters
https://anzlaw.thomsonreuters.com/Document/I6d421d1088ce11e8aca5bab3c9b3f468/View/FullText.html?transitionType=Default&contextData=(sc.Default)&VR=3.0&RS=cblt1.0,FALSE,NA: ThomsonReuters
https://anzlaw.thomsonreuters.com/Document/I74b5c530896211e8aca5bab3c9b3f468/View/FullText.html?transitionType=Default&contextData=(sc.Default)&VR=3.0&RS=cblt1.0,FALSE,NA: ThomsonReuters
https://anzlaw.thomsonreuters.com/Document/I75a4a99088d411e8aca5bab3c9b3f468/View/FullText.html?transitionType=Default&contextData=(sc.Default)&VR=3.0&RS=cblt1.0,FALSE,NA: ThomsonReuters
https://anzlaw.thomsonreuters.com/Document/I75a4a99088d411e8aca5bab3c9b3f468/View/FullText.html?transitionType=Default&contextData=(sc.Default)&VR=3.0&RS=cblt1.0&comp=wlau,FALSE,NA: ThomsonReuters
https://anzlaw.thomsonreuters.com/Document/I761ef03088b411e8aca5bab3c9b3f468/View/FullText.html?transitionType=Default&contextData=(sc.Default)&VR=3.0&RS=cblt1.0,FALSE,NA: ThomsonReuters
https://anzlaw.thomsonreuters.com/Document/I7727af0088f311e8aca5bab3c9b3f468/View/FullText.html?transitionType=Default&contextData=(sc.Default)&VR=3.0&RS=cblt1.0,FALSE,NA: ThomsonReuters
https://anzlaw.thomsonreuters.com/Document/I7764aac087b011e8aca5bab3c9b3f468/View/FullText.html?transitionType=Default&contextData=(sc.Default)&VR=3.0&RS=cblt1.0&comp=wlau,FALSE,NA: ThomsonReuters
https://anzlaw.thomsonreuters.com/Document/I78192fc0184511ed81c5f735b8cf580f/View/FullText.html?transitionType=Default&contextData=(sc.Default)&VR=3.0&RS=cblt1.0,TRUE,https://jade.io/article/940630
https://anzlaw.thomsonreuters.com/Document/I7939e22087bf11e8aca5bab3c9b3f468/View/FullText.html?transitionType=Default&contextData=(sc.Default)&VR=3.0&RS=cblt1.0,FALSE,NA: ThomsonReuters
https://anzlaw.thomsonreuters.com/Document/I79f1ae8087c111e8aca5bab3c9b3f468/View/FullText.html?transitionType=Default&contextData=(sc.Default)&VR=3.0&RS=cblt1.0,FALSE,NA: ThomsonReuters
https://anzlaw.thomsonreuters.com/Document/I79f1ae8087c111e8aca5bab3c9b3f468/View/FullText.html?transitionType=Default&contextData=(sc.Default)&VR=3.0&RS=cblt1.0&comp=wlau,FALSE,NA: ThomsonReuters
https://anzlaw.thomsonreuters.com/Document/I7e1a49b088aa11e8aca5bab3c9b3f468/View/FullText.html?transitionType=Default&contextData=(sc.Default)&VR=3.0&RS=cblt1.0,FALSE,NA: ThomsonReuters
https://anzlaw.thomsonreuters.com/Document/I7f91a280881d11e8aca5bab3c9b3f468/View/FullText.html?transitionType=Default&contextData=(sc.Default)&VR=3.0&RS=cblt1.0,FALSE,NA: ThomsonReuters
https://anzlaw.thomsonreuters.com/Document/I7fdd8db0881f11e8aca5bab3c9b3f468/View/FullText.html?transitionType=Default&contextData=(sc.Default)&VR=3.0&RS=cblt1.0,FALSE,NA: ThomsonReuters
https://anzlaw.thomsonreuters.com/Document/I8037f23088ad11e8aca5bab3c9b3f468/View/FullText.html?transitionType=Default&contextData=(sc.Default)&VR=3.0&RS=cblt1.0,FALSE,NA: ThomsonReuters
https://anzlaw.thomsonreuters.com/Document/I82a9078088d411e8aca5bab3c9b3f468/View/FullText.html?transitionType=Default&contextData=(sc.Default)&VR=3.0&RS=cblt1.0,FALSE,NA: ThomsonReuters
https://anzlaw.thomsonreuters.com/Document/I82e2ba8088e711e8aca5bab3c9b3f468/View/FullText.html?transitionType=Default&contextData=(sc.Default)&VR=3.0&RS=cblt1.0,FALSE,NA: ThomsonReuters
https://anzlaw.thomsonreuters.com/Document/I82e2ba8088e711e8aca5bab3c9b3f468/View/FullText.html?transitionType=UniqueDocItem&contextData=(sc.Default)&userEnteredCitation=R+v+Solomon+(2005)+92+SASR+331&comp=wlau,FALSE,NA: ThomsonReuters
https://anzlaw.thomsonreuters.com/Document/I8669f472a2e611eab1cbf180a7ce9b34/View/FullText.html?transitionType=Default&contextData=(sc.Default)&VR=3.0&RS=cblt1.0,TRUE,https://jade.io/article/736792
https://anzlaw.thomsonreuters.com/Document/I8835c67088d411e8aca5bab3c9b3f468/View/FullText.html?transitionType=Default&contextData=(sc.Default)&VR=3.0&RS=cblt1.0,FALSE,NA: ThomsonReuters
https://anzlaw.thomsonreuters.com/Document/I897f303088f111e8aca5bab3c9b3f468/View/FullText.html?transitionType=Default&contextData=(sc.Default)&VR=3.0&RS=cblt1.0,FALSE,NA: ThomsonReuters
https://anzlaw.thomsonreuters.com/Document/I8a44557087b311e8aca5bab3c9b3f468/View/FullText.html?transitionType=UniqueDocItem&contextData=(sc.Default)&userEnteredCitation=Ahern+v+R+(1988)+165+CLR+87&comp=wlau,FALSE,NA: ThomsonReuters
https://anzlaw.thomsonreuters.com/Document/I8d931a90881c11e8aca5bab3c9b3f468/View/FullText.html?transitionType=Default&contextData=(sc.Default)&VR=3.0&RS=cblt1.0,FALSE,NA: ThomsonReuters
https://anzlaw.thomsonreuters.com/Document/I8d964ee0881c11e8aca5bab3c9b3f468/View/FullText.html?transitionType=Default&contextData=(sc.Default)&VR=3.0&RS=cblt1.0,FALSE,NA: ThomsonReuters
https://anzlaw.thomsonreuters.com/Document/I8ded5cf0893711e8aca5bab3c9b3f468/View/FullText.html?transitionType=Default&contextData=(sc.Default)&VR=3.0&RS=cblt1.0,FALSE,NA: ThomsonReuters
https://anzlaw.thomsonreuters.com/Document/I8e49f2c088b111e8aca5bab3c9b3f468/View/FullText.html?transitionType=Default&contextData=(sc.Default)&VR=3.0&RS=cblt1.0,FALSE,NA: ThomsonReuters
https://anzlaw.thomsonreuters.com/Document/I8eeef7e0aa8811e8b9f2db006db927ca/View/FullText.html?transitionType=Default&contextData=(sc.Default)&VR=3.0&RS=cblt1.0,FALSE,NA: ThomsonReuters
https://anzlaw.thomsonreuters.com/Document/I9192bce0359b11ee8da7a6491885ad5c/View/FullText.html?transitionType=Default&contextData=(sc.Default)&VR=3.0&RS=cblt1.0,FALSE,NA: ThomsonReuters
https://anzlaw.thomsonreuters.com/Document/I92b9d7a0880f11e8aca5bab3c9b3f468/View/FullText.html?transitionType=Default&contextData=(sc.Default)&VR=3.0&RS=cblt1.0,FALSE,NA: ThomsonReuters
https://anzlaw.thomsonreuters.com/Document/I92d9e79087b311e8aca5bab3c9b3f468/View/FullText.html?transitionType=Default&contextData=(sc.Default)&VR=3.0&RS=cblt1.0,FALSE,NA: ThomsonReuters
https://anzlaw.thomsonreuters.com/Document/I930cb89087cd11e8aca5bab3c9b3f468/View/FullText.html?transitionType=Default&contextData=(sc.Default)&VR=3.0&RS=cblt1.0,FALSE,NA: ThomsonReuters
https://anzlaw.thomsonreuters.com/Document/I94599d10141e11efa4efad5f9a1d5c94/View/FullText.html?transitionType=UniqueDocItem&contextData=(sc.UserEnteredCitation)&userEnteredCitation=DPP+(Cth)+v+Kola+(2024)+98+ALJR+632&comp=wlau,FALSE,NA: ThomsonReuters
https://anzlaw.thomsonreuters.com/Document/I9469375022d311ec8704d31e00020c11/View/FullText.html?transitionType=UniqueDocItem&contextData=(sc.UserEnteredCitation)&userEnteredCitation=Nguyen+v+The+Queen+(2020)+269+CLR+299&comp=wlau,FALSE,NA: ThomsonReuters
https://anzlaw.thomsonreuters.com/Document/I976c8c0044ee11ea82ae8934f5464db2/View/FullText.html?transitionType=Default&contextData=(sc.Default)&VR=3.0&RS=cblt1.0,FALSE,NA: ThomsonReuters
https://anzlaw.thomsonreuters.com/Document/I97fc874188a911e8aca5bab3c9b3f468/View/FullText.html?transitionType=Default&contextData=(sc.Default)&VR=3.0&RS=cblt1.0,FALSE,NA: ThomsonReuters
https://anzlaw.thomsonreuters.com/Document/I98ed28d088a911e8aca5bab3c9b3f468/View/FullText.html?transitionType=Default&contextData=(sc.Default)&VR=3.0&RS=cblt1.0,FALSE,NA: ThomsonReuters
https://anzlaw.thomsonreuters.com/Document/I9bae38c087a511e8aca5bab3c9b3f468/View/FullText.html?transitionType=Default&contextData=(sc.Default)&VR=3.0&RS=cblt1.0,FALSE,NA: ThomsonReuters
https://anzlaw.thomsonreuters.com/Document/I9bd83fc0893611e8aca5bab3c9b3f468/View/FullText.html?transitionType=Default&contextData=(sc.Default)&VR=3.0&RS=cblt1.0,FALSE,NA: ThomsonReuters
https://anzlaw.thomsonreuters.com/Document/I9c5cb010b95c11e88a98823f404cad1c/View/FullText.html?transitionType=Default&contextData=(sc.Default)&VR=3.0&RS=cblt1.0,FALSE,NA: ThomsonReuters
https://anzlaw.thomsonreuters.com/Document/I9e7e1d7087ac11e8aca5bab3c9b3f468/View/FullText.html?transitionType=Default&contextData=(sc.Default)&VR=3.0&RS=cblt1.0,FALSE,NA: ThomsonReuters
https://anzlaw.thomsonreuters.com/Document/Ia0ef6bd0897e11e8aca5bab3c9b3f468/View/FullText.html?transitionType=Default&contextData=(sc.Default)&VR=3.0&RS=cblt1.0,FALSE,NA: ThomsonReuters
https://anzlaw.thomsonreuters.com/Document/Ia164367088a911e8aca5bab3c9b3f468/View/FullText.html?transitionType=Default&contextData=(sc.Default)&VR=3.0&RS=cblt1.0,FALSE,NA: ThomsonReuters
https://anzlaw.thomsonreuters.com/Document/Ia2a74df0881e11e8aca5bab3c9b3f468/View/FullText.html?transitionType=Default&contextData=(sc.Default)&VR=3.0&RS=cblt1.0,FALSE,NA: ThomsonReuters
https://anzlaw.thomsonreuters.com/Document/Ia2c0a9b0881b11e8aca5bab3c9b3f468/View/FullText.html?transitionType=Default&contextData=(sc.Default)&VR=3.0&RS=cblt1.0,FALSE,NA: ThomsonReuters
https://anzlaw.thomsonreuters.com/Document/Ia2c145f0881b11e8aca5bab3c9b3f468/View/FullText.html?transitionType=Default&contextData=(sc.Default)&VR=3.0&RS=cblt1.0,FALSE,NA: ThomsonReuters
https://anzlaw.thomsonreuters.com/Document/Ia3279cd0896311e8aca5bab3c9b3f468/View/FullText.html?originationContext=typeAhead&transitionType=Default&contextData=(sc.Default)&comp=wlau,FALSE,NA: ThomsonReuters
https://anzlaw.thomsonreuters.com/Document/Ia3281200896311e8aca5bab3c9b3f468/View/FullText.html?transitionType=UniqueDocItem&contextData=(sc.UserEnteredCitation)&userEnteredCitation=R+v+G+(1997)+91+A+Crim+R+590%2c+599.&comp=wlau,FALSE,NA: ThomsonReuters
https://anzlaw.thomsonreuters.com/Document/Ia3f36d0088ce11e8aca5bab3c9b3f468/View/FullText.html?transitionType=UniqueDocItem&contextData=(sc.UserEnteredCitation)&userEnteredCitation=R+v+Hughes+(1994)+76+A+Crim+R+177&comp=wlau,FALSE,NA: ThomsonReuters
https://anzlaw.thomsonreuters.com/Document/Ia47fe600890411e8aca5bab3c9b3f468/View/FullText.html?transitionType=Default&contextData=(sc.Default)&VR=3.0&RS=cblt1.0,FALSE,NA: ThomsonReuters
https://anzlaw.thomsonreuters.com/Document/Ia521d6c0881111e8aca5bab3c9b3f468/View/FullText.html?transitionType=Default&contextData=(sc.Default)&VR=3.0&RS=cblt1.0,FALSE,NA: ThomsonReuters
https://anzlaw.thomsonreuters.com/Document/Ia55d883087b911e8aca5bab3c9b3f468/View/FullText.html?transitionType=Default&contextData=(sc.Default)&VR=3.0&RS=cblt1.0,FALSE,NA: ThomsonReuters
https://anzlaw.thomsonreuters.com/Document/Iade762e087ab11e8aca5bab3c9b3f468/View/FullText.html?transitionType=Default&contextData=(sc.Default)&VR=3.0&RS=cblt1.0,FALSE,NA: ThomsonReuters
https://anzlaw.thomsonreuters.com/Document/Iade762e087ab11e8aca5bab3c9b3f468/View/FullText.html?transitionType=UniqueDocItem&contextData=(sc.Default)&userEnteredCitation=172+CLR+378&comp=wlau,FALSE,NA: ThomsonReuters
https://anzlaw.thomsonreuters.com/Document/Iae17b72087aa11e8aca5bab3c9b3f468/View/FullText.html?transitionType=Default&contextData=(sc.Default)&VR=3.0&RS=cblt1.0,FALSE,NA: ThomsonReuters
https://anzlaw.thomsonreuters.com/Document/Iaf43abf088c611e8aca5bab3c9b3f468/View/FullText.html?transitionType=Default&contextData=(sc.Default)&VR=3.0&RS=cblt1.0,FALSE,NA: ThomsonReuters
https://anzlaw.thomsonreuters.com/Document/Iaf43da1087b511e8aca5bab3c9b3f468/View/FullText.html?transitionType=Default&contextData=(sc.Default)&VR=3.0&RS=cblt1.0,FALSE,NA: ThomsonReuters
https://anzlaw.thomsonreuters.com/Document/Ib03a237088d211e8aca5bab3c9b3f468/View/FullText.html?transitionType=Default&contextData=(sc.Default)&VR=3.0&RS=cblt1.0,FALSE,NA: ThomsonReuters
https://anzlaw.thomsonreuters.com/Document/Ib145225004d311ea9baa96370827cab3/View/FullText.html?transitionType=Default&contextData=(sc.Default)&VR=3.0&RS=cblt1.0,FALSE,NA: ThomsonReuters
https://anzlaw.thomsonreuters.com/Document/Ib54829a0881b11e8aca5bab3c9b3f468/View/FullText.html?transitionType=Default&contextData=(sc.Default)&VR=3.0&RS=cblt1.0,FALSE,NA: ThomsonReuters
https://anzlaw.thomsonreuters.com/Document/Ib5822580890411e8aca5bab3c9b3f468/View/FullText.html?transitionType=Default&contextData=(sc.Default)&VR=3.0&RS=cblt1.0,FALSE,NA: ThomsonReuters
https://anzlaw.thomsonreuters.com/Document/Ib681c99088b411e8aca5bab3c9b3f468/View/FullText.html?transitionType=UniqueDocItem&contextData=(sc.Default)&userEnteredCitation=R+v+DBA+(2012)+219+A+Crim+R+408&comp=wlau,FALSE,NA: ThomsonReuters
https://anzlaw.thomsonreuters.com/Document/Ib8baa480896211e8aca5bab3c9b3f468/View/FullText.html?transitionType=Default&contextData=(sc.Default)&VR=3.0&RS=cblt1.0,FALSE,NA: ThomsonReuters
https://anzlaw.thomsonreuters.com/Document/Iba40a83087b511e8aca5bab3c9b3f468/View/FullText.html?transitionType=Default&contextData=(sc.Default)&VR=3.0&RS=cblt1.0,FALSE,NA: ThomsonReuters
https://anzlaw.thomsonreuters.com/Document/Ibeeb69f0881511e8aca5bab3c9b3f468/View/FullText.html?transitionType=Default&contextData=(sc.Default)&VR=3.0&RS=cblt1.0,FALSE,NA: ThomsonReuters
https://anzlaw.thomsonreuters.com/Document/Ibf6666f087c011e8aca5bab3c9b3f468/View/FullText.html?transitionType=Default&contextData=(sc.Default)&VR=3.0&RS=cblt1.0,FALSE,NA: ThomsonReuters
https://anzlaw.thomsonreuters.com/Document/Ic1f32270891711e8aca5bab3c9b3f468/View/FullText.html?transitionType=Default&contextData=(sc.Default)&VR=3.0&RS=cblt1.0,FALSE,NA: ThomsonReuters
https://anzlaw.thomsonreuters.com/Document/Ic2b321f087b511e8aca5bab3c9b3f468/View/FullText.html?transitionType=Default&contextData=(sc.Default)&VR=3.0&RS=cblt1.0,FALSE,NA: ThomsonReuters
https://anzlaw.thomsonreuters.com/Document/Ic3e4121088cc11e8aca5bab3c9b3f468/View/FullText.html?transitionType=Default&contextData=(sc.Default)&VR=3.0&RS=cblt1.0,FALSE,NA: ThomsonReuters
https://anzlaw.thomsonreuters.com/Document/Ic8896d50642211efb6d78c1fa0b6d9c8/View/FullText.html?transitionType=Default&contextData=(sc.Default)&VR=3.0&RS=cblt1.0,TRUE,https://jade.io/article/1087633
https://anzlaw.thomsonreuters.com/Document/Ic8d28070cf8611eea4f4c0c40afe197b/View/FullText.html?transitionType=UniqueDocItem&contextData=(sc.Default)&userEnteredCitation=R+v+Tracy+%5b2024%5d+QCA+19&comp=wlau,TRUE,https://jade.io/article/1063291
https://anzlaw.thomsonreuters.com/Document/Icc9597108cf011efaf09a53406c15bac/View/FullText.html?transitionType=Default&contextData=(sc.Default)&VR=3.0&RS=cblt1.0,TRUE,https://jade.io/article/1095366
https://anzlaw.thomsonreuters.com/Document/Iccf21dd088f311e8aca5bab3c9b3f468/View/FullText.html?transitionType=Default&contextData=(sc.Default)&VR=3.0&RS=cblt1.0,FALSE,NA: ThomsonReuters
https://anzlaw.thomsonreuters.com/Document/Ice93d3a088b611e8aca5bab3c9b3f468/View/FullText.html?transitionType=Default&contextData=(sc.Default)&VR=3.0&RS=cblt1.0,FALSE,NA: ThomsonReuters
https://anzlaw.thomsonreuters.com/Document/Iceb9d1e087a811e8aca5bab3c9b3f468/View/FullText.html?transitionType=Default&contextData=(sc.Default)&VR=3.0&RS=cblt1.0,FALSE,NA: ThomsonReuters
https://anzlaw.thomsonreuters.com/Document/Icfa4dd70881111e8aca5bab3c9b3f468/View/FullText.html?transitionType=Default&contextData=(sc.Default)&VR=3.0&RS=cblt1.0,FALSE,NA: ThomsonReuters
https://anzlaw.thomsonreuters.com/Document/Icfabb4a088a811e8aca5bab3c9b3f468/View/FullText.html?transitionType=Default&contextData=(sc.Default)&VR=3.0&RS=cblt1.0,FALSE,NA: ThomsonReuters
https://anzlaw.thomsonreuters.com/Document/Id05d5af088b411e8aca5bab3c9b3f468/View/FullText.html?transitionType=Default&contextData=(sc.Default)&VR=3.0&RS=cblt1.0,FALSE,NA: ThomsonReuters
https://anzlaw.thomsonreuters.com/Document/Id161fb1088f311e8aca5bab3c9b3f468/View/FullText.html?transitionType=Default&contextData=(sc.Default)&VR=3.0&RS=cblt1.0,FALSE,NA: ThomsonReuters
https://anzlaw.thomsonreuters.com/Document/Id177df20891611e8aca5bab3c9b3f468/View/FullText.html?transitionType=Default&contextData=(sc.Default)&VR=3.0&RS=cblt1.0,FALSE,NA: ThomsonReuters
https://anzlaw.thomsonreuters.com/Document/Id39df5206aff11e9a6b4d984561674e7/View/FullText.html?transitionType=Default&contextData=(sc.Default)&VR=3.0&RS=cblt1.0,FALSE,NA: ThomsonReuters
https://anzlaw.thomsonreuters.com/Document/Id5482630890411e8aca5bab3c9b3f468/View/FullText.html?transitionType=Default&contextData=(sc.Default)&VR=3.0&RS=cblt1.0,FALSE,NA: ThomsonReuters
https://anzlaw.thomsonreuters.com/Document/Id584c86088b411e8aca5bab3c9b3f468/View/FullText.html?transitionType=Default&contextData=(sc.Default)&VR=3.0&RS=cblt1.0,FALSE,NA: ThomsonReuters
https://anzlaw.thomsonreuters.com/Document/Id5b663e088ad11e8aca5bab3c9b3f468/View/FullText.html?transitionType=Default&contextData=(sc.Default)&VR=3.0&RS=cblt1.0,FALSE,NA: ThomsonReuters
https://anzlaw.thomsonreuters.com/Document/Id5bb558087b311e8aca5bab3c9b3f468/View/FullText.html?transitionType=Default&contextData=(sc.Default)&VR=3.0&RS=cblt1.0,FALSE,NA: ThomsonReuters
https://anzlaw.thomsonreuters.com/Document/Id648a9f087ca11e8aca5bab3c9b3f468/View/FullText.html?transitionType=Default&contextData=(sc.Default)&VR=3.0&RS=cblt1.0,FALSE,NA: ThomsonReuters
https://anzlaw.thomsonreuters.com/Document/Idb17678087b311e8aca5bab3c9b3f468/View/FullText.html?transitionType=Default&contextData=(sc.Default)&VR=3.0&RS=cblt1.0,TRUE,https://jade.io/article/68197
https://anzlaw.thomsonreuters.com/Document/Idb19b17087b311e8aca5bab3c9b3f468/View/FullText.html?transitionType=Default&contextData=(sc.Default)&VR=3.0&RS=cblt1.0,FALSE,NA: ThomsonReuters
https://anzlaw.thomsonreuters.com/Document/Idfd51d0087bb11e8aca5bab3c9b3f468/View/FullText.html?transitionType=Default&contextData=(sc.Default)&VR=3.0&RS=cblt1.0,FALSE,NA: ThomsonReuters
https://anzlaw.thomsonreuters.com/Document/Ie24417a087af11e8aca5bab3c9b3f468/View/FullText.html?transitionType=Default&contextData=(sc.Default)&VR=3.0&RS=cblt1.0,FALSE,NA: ThomsonReuters
https://anzlaw.thomsonreuters.com/Document/Ie279bfe087aa11e8aca5bab3c9b3f468/View/FullText.html?transitionType=UniqueDocItem&contextData=(sc.Default)&userEnteredCitation=Longman+v+The+Queen+(1989)+168+CLR+79&comp=wlau,FALSE,NA: ThomsonReuters
https://anzlaw.thomsonreuters.com/Document/Ie3a05b0087a911e8aca5bab3c9b3f468/View/FullText.html?transitionType=Default&contextData=(sc.Default)&VR=3.0&RS=cblt1.0,FALSE,NA: ThomsonReuters
https://anzlaw.thomsonreuters.com/Document/Ie463bcc3802f11e8b22785ae5ff38a3b/View/FullText.html?transitionType=Default&contextData=(sc.Default)&VR=3.0&RS=cblt1.0,FALSE,NA: ThomsonReuters
https://anzlaw.thomsonreuters.com/Document/Ie4d9e0f0896011e8aca5bab3c9b3f468/View/FullText.html?transitionType=Default&contextData=(sc.Default)&VR=3.0&RS=cblt1.0,FALSE,NA: ThomsonReuters
https://anzlaw.thomsonreuters.com/Document/Ie50974b0891911e8aca5bab3c9b3f468/View/FullText.html?transitionType=Default&contextData=(sc.Default)&VR=3.0&RS=cblt1.0,FALSE,NA: ThomsonReuters
https://anzlaw.thomsonreuters.com/Document/Ie5f5511087b511e8aca5bab3c9b3f468/View/FullText.html?transitionType=Default&contextData=(sc.Default)&VR=3.0&RS=cblt1.0,FALSE,NA: ThomsonReuters
https://anzlaw.thomsonreuters.com/Document/Ie5f5511087b511e8aca5bab3c9b3f468/View/FullText.html?transitionType=Default&contextData=(sc.Default)&VR=3.0&RS=cblt1.0&comp=wlau,FALSE,NA: ThomsonReuters
https://anzlaw.thomsonreuters.com/Document/Ie6e4f47088b611e8aca5bab3c9b3f468/View/FullText.html?transitionType=Default&contextData=(sc.Default)&VR=3.0&RS=cblt1.0,FALSE,NA: ThomsonReuters
https://anzlaw.thomsonreuters.com/Document/Ie7f72800881711e8aca5bab3c9b3f468/View/FullText.html?transitionType=Default&contextData=(sc.Default)&VR=3.0&RS=cblt1.0,FALSE,NA: ThomsonReuters
https://anzlaw.thomsonreuters.com/Document/Ie87553f087af11e8aca5bab3c9b3f468/View/FullText.html?transitionType=Default&contextData=(sc.Default)&VR=3.0&RS=cblt1.0,FALSE,NA: ThomsonReuters
https://anzlaw.thomsonreuters.com/Document/Iebbc1e3088e611e8aca5bab3c9b3f468/View/FullText.html?transitionType=Default&contextData=(sc.Default)&VR=3.0&RS=cblt1.0,FALSE,NA: ThomsonReuters
https://anzlaw.thomsonreuters.com/Document/Ied035b2088ad11e8aca5bab3c9b3f468/View/FullText.html?transitionType=Default&contextData=(sc.Default)&VR=3.0&RS=cblt1.0,FALSE,NA: ThomsonReuters
https://anzlaw.thomsonreuters.com/Document/Ied1aebb088b611e8aca5bab3c9b3f468/View/FullText.html?transitionType=Default&contextData=(sc.Default)&VR=3.0&RS=cblt1.0,FALSE,NA: ThomsonReuters
https://anzlaw.thomsonreuters.com/Document/Iee73ce3087b411e8aca5bab3c9b3f468/View/FullText.html?transitionType=Default&contextData=(sc.Default)&VR=3.0&RS=cblt1.0,FALSE,NA: ThomsonReuters
https://anzlaw.thomsonreuters.com/Document/Iee73ce3087b411e8aca5bab3c9b3f468/View/FullText.html?transitionType=Default&contextData=(sc.Default)&VR=3.0&RS=cblt1.0&comp=wlau,FALSE,NA: ThomsonReuters
https://anzlaw.thomsonreuters.com/Document/Ief54513088c711e8aca5bab3c9b3f468/View/FullText.html?transitionType=Default&contextData=(sc.Default)&VR=3.0&RS=cblt1.0,FALSE,NA: ThomsonReuters
https://anzlaw.thomsonreuters.com/Document/If03c8720761911eab745cb261e5f10a2/View/FullText.html?transitionType=UniqueDocItem&contextData=(sc.UserEnteredCitation)&userEnteredCitation=%5b1970%5d+sasr+184&comp=wlau,FALSE,NA: ThomsonReuters
https://anzlaw.thomsonreuters.com/Document/If066ba10896011e8aca5bab3c9b3f468/View/FullText.html?transitionType=Default&contextData=(sc.Default)&VR=3.0&RS=cblt1.0,FALSE,NA: ThomsonReuters
https://anzlaw.thomsonreuters.com/Document/If0b37d50891a11e8aca5bab3c9b3f468/View/FullText.html?transitionType=Default&contextData=(sc.Default)&VR=3.0&RS=cblt1.0,FALSE,NA: ThomsonReuters
https://anzlaw.thomsonreuters.com/Document/If193e990881a11e8aca5bab3c9b3f468/View/FullText.html?transitionType=Default&contextData=(sc.Default)&VR=3.0&RS=cblt1.0,FALSE,NA: ThomsonReuters
https://anzlaw.thomsonreuters.com/Document/If1a5018088d311e8aca5bab3c9b3f468/View/FullText.html?transitionType=Default&contextData=(sc.Default)&VR=3.0&RS=cblt1.0,FALSE,NA: ThomsonReuters
https://anzlaw.thomsonreuters.com/Document/If32f523088ab11e8aca5bab3c9b3f468/View/FullText.html?transitionType=Default&contextData=(sc.Default)&VR=3.0&RS=cblt1.0,TRUE,https://jade.io/article/166959
https://anzlaw.thomsonreuters.com/Document/If368d01087ab11e8aca5bab3c9b3f468/View/FullText.html?transitionType=Default&contextData=(sc.Default)&VR=3.0&RS=cblt1.0,FALSE,NA: ThomsonReuters
https://anzlaw.thomsonreuters.com/Document/If497f890891c11e8aca5bab3c9b3f468/View/FullText.html?transitionType=Default&contextData=(sc.Default)&VR=3.0&RS=cblt1.0,FALSE,NA: ThomsonReuters
https://anzlaw.thomsonreuters.com/Document/If4eab14088c011e8aca5bab3c9b3f468/View/FullText.html?transitionType=Default&contextData=(sc.Default)&VR=3.0&RS=cblt1.0,FALSE,NA: ThomsonReuters
https://anzlaw.thomsonreuters.com/Document/If661a9d0881011e8aca5bab3c9b3f468/View/FullText.html?transitionType=Default&contextData=(sc.Default)&VR=3.0&RS=cblt1.0&comp=wlau,FALSE,NA: ThomsonReuters
https://anzlaw.thomsonreuters.com/Document/If7ec4bc088b011e8aca5bab3c9b3f468/View/FullText.html?transitionType=Default&contextData=(sc.Default)&VR=3.0&RS=cblt1.0,FALSE,NA: ThomsonReuters
https://anzlaw.thomsonreuters.com/Document/If9c9cb1088c011e8aca5bab3c9b3f468/View/FullText.html?transitionType=Default&contextData=(sc.Default)&VR=3.0&RS=cblt1.0,FALSE,NA: ThomsonReuters
https://anzlaw.thomsonreuters.com/Document/Ifaa7da4087a811e8aca5bab3c9b3f468/View/FullText.html?transitionType=Default&contextData=(sc.Default)&VR=3.0&RS=cblt1.0,FALSE,NA: ThomsonReuters
https://anzlaw.thomsonreuters.com/Document/Ifb131db088f111e8aca5bab3c9b3f468/View/FullText.html?transitionType=Default&contextData=(sc.Default)&VR=3.0&RS=cblt1.0,FALSE,NA: ThomsonReuters
https://anzlaw.thomsonreuters.com/Document/Ifc4ddfe088aa11e8aca5bab3c9b3f468/View/FullText.html?transitionType=Default&contextData=(sc.Default)&VR=3.0&RS=cblt1.0,FALSE,NA: ThomsonReuters
https://anzlaw.thomsonreuters.com/Document/Ifc8b0e2088e511e8aca5bab3c9b3f468/View/FullText.html?transitionType=Default&contextData=(sc.Default)&VR=3.0&RS=cblt1.0,FALSE,NA: ThomsonReuters
https://anzlaw.thomsonreuters.com/Document/Ifdcbf46088aa11e8aca5bab3c9b3f468/View/FullText.html?transitionType=Default&contextData=(sc.Default)&VR=3.0&RS=cblt1.0,FALSE,NA: ThomsonReuters
https://anzlaw.thomsonreuters.com/Document/Ife0369b0879a11e8aca5bab3c9b3f468/View/FullText.html?transitionType=Default&contextData=(sc.Default)&VR=3.0&RS=cblt1.0,FALSE,NA: ThomsonReuters
https://anzlaw.thomsonreuters.com/Document/Ife08eba088d111e8aca5bab3c9b3f468/View/FullText.html?transitionType=Default&contextData=(sc.Default)&VR=3.0&RS=cblt1.0,FALSE,NA: ThomsonReuters
https://anzlaw.thomsonreuters.com/Document/Ife0b6c6088c011e8aca5bab3c9b3f468/View/FullText.html?transitionType=Default&contextData=(sc.Default)&VR=3.0&RS=cblt1.0,FALSE,NA: ThomsonReuters
https://anzlaw.thomsonreuters.com/Document/Ife9a563088d111e8aca5bab3c9b3f468/View/FullText.html?transitionType=Default&contextData=(sc.Default)&VR=3.0&RS=cblt1.0,FALSE,NA: ThomsonReuters
https://anzlaw.thomsonreuters.com/Document/Ifec324e0881611e8aca5bab3c9b3f468/View/FullText.html?transitionType=Default&contextData=(sc.Default)&VR=3.0&RS=cblt1.0,FALSE,NA: ThomsonReuters
https://anzlaw.thomsonreuters.com/Document/Iffe1bd4087b311e8aca5bab3c9b3f468/View/FullText.html?transitionType=Default&contextData=(sc.Default)&VR=3.0&RS=cblt1.0,FALSE,NA: ThomsonReuters
https://anzlaw.thomsonreuters.com/Link/Document/FullText?findType=g&serNum=1927024161&pubNum=4705&originatingDoc=IC3CE6700E57111DAB242AFEA6182DD7E&refType=UD&originationContext=document&transitionType=DocumentItem&ppcid=9bbd868f6d6042d5baf28a09e1c63a37&contextData=(sc.DocLink)&comp=wlau,FALSE,NA: ThomsonReuters
https://anzlaw.thomsonreuters.com/Link/Document/FullText?findType=g&serNum=1966017006&pubNum=4705&originatingDoc=I9433F190E43611DA8FC2A0F0355337E9&refType=UD&originationContext=document&transitionType=DocumentItem&ppcid=456e35f5166a4237bcac736ebd4bd103&contextData=(sc.DocLink)&comp=wlau,FALSE,NA: ThomsonReuters
https://anzlaw.thomsonreuters.com/Link/Document/FullText?findType=g&serNum=1979025302&pubNum=4705&originatingDoc=I328961E0E42811DA8FC2A0F0355337E9&refType=UD&originationContext=document&transitionType=DocumentItem&ppcid=49ef03596ac742d8a9baa41cdb6f247d&contextData=(sc.DocLink)&comp=wlau,FALSE,NA: ThomsonReuters
https://anzlaw.thomsonreuters.com/Link/Document/FullText?findType=g&serNum=1980027274&pubNum=4705&originatingDoc=I7353FDC0E42811DA8FC2A0F0355337E9&refType=UD&originationContext=document&transitionType=DocumentItem&ppcid=7cd3b8b062404f70ad3649c2118afa87&contextData=(sc.DocLink)&comp=wlau,FALSE,NA: ThomsonReuters
https://anzlaw.thomsonreuters.com/Link/Document/FullText?findType=g&serNum=1984032293&pubNum=4705&originatingDoc=I38EECD91E42811DA8FC2A0F0355337E9&refType=UD&originationContext=document&transitionType=DocumentItem&ppcid=3b0c262eca09489d9187948a1ab30b2b&contextData=(sc.DocLink)&comp=wlau,FALSE,NA: ThomsonReuters
https://anzlaw.thomsonreuters.com/Link/Document/FullText?findType=g&serNum=1985031055&pubNum=4705&originatingDoc=I6479A750E42811DA8FC2A0F0355337E9&refType=UD&originationContext=document&transitionType=DocumentItem&ppcid=21e2ffe7355a4fa5a1fa38e190775159&contextData=(sc.DocLink)&comp=wlau,FALSE,NA: ThomsonReuters
https://anzlaw.thomsonreuters.com/Link/Document/FullText?findType=g&serNum=1993253572&pubNum=4705&originatingDoc=I5FB5DDB1E42811DA8FC2A0F0355337E9&refType=UD&originationContext=document&transitionType=DocumentItem&ppcid=fa551bcc24cd4777adea6c85328d3a0d&contextData=(sc.DocLink)&comp=wlau,FALSE,NA: ThomsonReuters
https://anzlaw.thomsonreuters.com/Link/Document/FullText?findType=g&serNum=1996293469&pubNum=4705&originatingDoc=I422D49E0E42811DA8FC2A0F0355337E9&refType=UD&originationContext=document&transitionType=DocumentItem&ppcid=f96ecc451d744bae8e816dc70fcee466&contextData=(sc.DocLink)&comp=wlau,FALSE,NA: ThomsonReuters
https://anzlaw.thomsonreuters.com/Link/Document/FullText?findType=Y&serNum=1911038558&pubNum=4825&originatingDoc=If7cf9a0088c611e8aca5bab3c9b3f468&refType=TG&originationContext=document&transitionType=DocumentItem&ppcid=47e75e6898004eea9884f4d0d0bf5abf&contextData=(sc.Default)&comp=wlau,FALSE,NA: ThomsonReuters
https://anzlaw.thomsonreuters.com/Link/Document/FullText?findType=Y&serNum=1933028540&pubNum=3586&originatingDoc=Ifc980f50879911e8aca5bab3c9b3f468&refType=TG&originationContext=document&transitionType=DocumentItem&ppcid=c7ec98fd93f44a4e93e06638f8826390&contextData=(sc.Default)&comp=wlau,FALSE,NA: ThomsonReuters
https://anzlaw.thomsonreuters.com/Link/Document/FullText?findType=Y&serNum=1938029943&pubNum=3586&originatingDoc=I337a16c0879b11e8aca5bab3c9b3f468&refType=TG&originationContext=document&transitionType=DocumentItem&ppcid=723982183a664c0597a593e5ee5ca4d5&contextData=(sc.Default)&comp=wlau,FALSE,NA: ThomsonReuters
https://anzlaw.thomsonreuters.com/Link/Document/FullText?findType=Y&serNum=1952014468&pubNum=3586&originatingDoc=I7b0d1e80879e11e8aca5bab3c9b3f468&refType=TG&originationContext=document&transitionType=DocumentItem&ppcid=ee4329a2fbf3444d9e7edf53f5274424&contextData=(sc.Default)&comp=wlau,FALSE,NA: ThomsonReuters
https://anzlaw.thomsonreuters.com/Link/Document/FullText?findType=Y&serNum=1952041631&pubNum=3586&originatingDoc=I97562d70879e11e8aca5bab3c9b3f468&refType=TG&originationContext=document&transitionType=DocumentItem&ppcid=a6eb94b965bf4925a0d9cee229290fba&contextData=(sc.Default)&comp=wlau,FALSE,NA: ThomsonReuters
https://anzlaw.thomsonreuters.com/Link/Document/FullText?findType=Y&serNum=1954016783&pubNum=3586&originatingDoc=I1642da70879f11e8aca5bab3c9b3f468&refType=TG&originationContext=document&transitionType=DocumentItem&ppcid=2f62c6e6ea8646ef954c57ea259105d7&contextData=(sc.Default)&comp=wlau,FALSE,NA: ThomsonReuters
https://anzlaw.thomsonreuters.com/Link/Document/FullText?findType=Y&serNum=1954016783&pubNum=3586&originatingDoc=I1642da70879f11e8aca5bab3c9b3f468&refType=TG&originationContext=document&transitionType=DocumentItem&ppcid=8b9ff3624ff9437481383360d6100be3&contextData=(sc.Default)&comp=wlau,FALSE,NA: ThomsonReuters
https://anzlaw.thomsonreuters.com/Link/Document/FullText?findType=Y&serNum=1956050756&pubNum=5142&originatingDoc=Iea57bdf088bf11e8aca5bab3c9b3f468&refType=TG&originationContext=document&transitionType=DocumentItem&ppcid=06853e1a25444c6aae9a0f86c05684ca&contextData=(sc.Default)&comp=wlau,FALSE,NA: ThomsonReuters
https://anzlaw.thomsonreuters.com/Link/Document/FullText?findType=Y&serNum=1958052096&pubNum=4888&originatingDoc=Ibbd07600b9f411e88a98823f404cad1c&refType=TG&originationContext=document&transitionType=DocumentItem&ppcid=86528a3fcd7f461b82451498018386ce&contextData=(sc.DocLink)&comp=wlau,FALSE,NA: ThomsonReuters
https://anzlaw.thomsonreuters.com/Link/Document/FullText?findType=Y&serNum=1958052096&pubNum=4888&originatingDoc=Ibbd07600b9f411e88a98823f404cad1c&refType=TG&originationContext=document&transitionType=DocumentItem&ppcid=9ddc9e2728b646619ffe5dc54f10c81d&contextData=(sc.DocLink)&comp=wlau,FALSE,NA: ThomsonReuters
https://anzlaw.thomsonreuters.com/Link/Document/FullText?findType=Y&serNum=1959056007&pubNum=3586&originatingDoc=I9b58df1087a011e8aca5bab3c9b3f468&refType=TG&originationContext=document&transitionType=DocumentItem&ppcid=07e47e302c4b4290960271bf1a75c412&contextData=(sc.Default)&comp=wlau,FALSE,NA: ThomsonReuters
https://anzlaw.thomsonreuters.com/Link/Document/FullText?findType=Y&serNum=1960017454&pubNum=3586&originatingDoc=Ie9afb34087b011e8aca5bab3c9b3f468&refType=TG&originationContext=document&transitionType=DocumentItem&ppcid=6f0bc6a8e583427a85e8786324aa8a8a&contextData=(sc.Default)&comp=wlau,FALSE,NA: ThomsonReuters
https://anzlaw.thomsonreuters.com/Link/Document/FullText?findType=Y&serNum=1961017812&pubNum=3586&originatingDoc=I5323a71087a111e8aca5bab3c9b3f468&refType=TG&originationContext=document&transitionType=DocumentItem&ppcid=595cbff8e4c44e089be2d035c55f233f&contextData=(sc.Default)&comp=wlau,FALSE,NA: ThomsonReuters
https://anzlaw.thomsonreuters.com/Link/Document/FullText?findType=Y&serNum=1961055707&pubNum=3586&originatingDoc=I0c1c362087a111e8aca5bab3c9b3f468&refType=TG&originationContext=document&transitionType=DocumentItem&ppcid=8362d5208d044a72846047f6eed84fca&contextData=(sc.Default)&comp=wlau,FALSE,NA: ThomsonReuters
https://anzlaw.thomsonreuters.com/Link/Document/FullText?findType=Y&serNum=1961055974&pubNum=3586&originatingDoc=I26af57b087a111e8aca5bab3c9b3f468&refType=TG&originationContext=document&transitionType=DocumentItem&ppcid=5826c9b2caa24cb3b3f05820614ce89d&contextData=(sc.Default)&comp=wlau,FALSE,NA: ThomsonReuters
https://anzlaw.thomsonreuters.com/Link/Document/FullText?findType=Y&serNum=1964015323&pubNum=3586&originatingDoc=Ic70b6fa087a111e8aca5bab3c9b3f468&refType=TG&originationContext=document&transitionType=DocumentItem&ppcid=cb764b7704ad402cb3f468da4dde557e&contextData=(sc.Default)&comp=wlau,FALSE,NA: ThomsonReuters
https://anzlaw.thomsonreuters.com/Link/Document/FullText?findType=Y&serNum=1966075115&pubNum=4888&originatingDoc=I23712d70893211e8aca5bab3c9b3f468&refType=TG&originationContext=document&transitionType=DocumentItem&ppcid=6b30247fad4f40cb8221282c8777e27f&contextData=(sc.Default)&comp=wlau,FALSE,NA: ThomsonReuters
https://anzlaw.thomsonreuters.com/Link/Document/FullText?findType=Y&serNum=1969081475&pubNum=4840&originatingDoc=Ib4af825088fb11e8aca5bab3c9b3f468&refType=TG&originationContext=document&transitionType=DocumentItem&ppcid=fca02bdac6884c39b0a7894e7f0ed465&contextData=(sc.Default)&comp=wlau,FALSE,NA: ThomsonReuters
https://anzlaw.thomsonreuters.com/Link/Document/FullText?findType=Y&serNum=1970085421&pubNum=3586&originatingDoc=Ic20beaa087a311e8aca5bab3c9b3f468&refType=TG&originationContext=document&transitionType=DocumentItem&ppcid=63818d4716b94619a8eed01f18f7640c&contextData=(sc.Default)&comp=wlau,FALSE,NA: ThomsonReuters
https://anzlaw.thomsonreuters.com/Link/Document/FullText?findType=Y&serNum=1972095773&pubNum=4840&originatingDoc=I0b3ea0b088fc11e8aca5bab3c9b3f468&refType=TG&originationContext=document&transitionType=DocumentItem&ppcid=3aa512d0a71a435ba9fa68d39087a34e&contextData=(sc.Default)&comp=wlau,FALSE,NA: ThomsonReuters
https://anzlaw.thomsonreuters.com/Link/Document/FullText?findType=Y&serNum=1972095792&pubNum=3586&originatingDoc=Iacea426087a411e8aca5bab3c9b3f468&refType=TG&originationContext=document&transitionType=DocumentItem&ppcid=b7b1be412b3b4c958f5391c91706a740&contextData=(sc.Default)&comp=wlau,FALSE,NA: ThomsonReuters
https://anzlaw.thomsonreuters.com/Link/Document/FullText?findType=Y&serNum=1972096539&pubNum=5138&originatingDoc=If7f9cb70880f11e8aca5bab3c9b3f468&refType=TG&originationContext=document&transitionType=DocumentItem&ppcid=8f82cc0045b64db3b3e058a8b9a93f28&contextData=(sc.Default)&comp=wlau,FALSE,NA: ThomsonReuters
https://anzlaw.thomsonreuters.com/Link/Document/FullText?findType=Y&serNum=1973140453&pubNum=3586&originatingDoc=Icca3e70087a411e8aca5bab3c9b3f468&refType=TG&originationContext=document&transitionType=DocumentItem&ppcid=00cf35f08b5e4eb7a3c9a468fd0bac7b&contextData=(sc.Default)&comp=wlau,FALSE,NA: ThomsonReuters
https://anzlaw.thomsonreuters.com/Link/Document/FullText?findType=Y&serNum=1973140453&pubNum=3586&originatingDoc=Icca3e70087a411e8aca5bab3c9b3f468&refType=TG&originationContext=document&transitionType=DocumentItem&ppcid=2101fad923334304a74374d089e0b9c8&contextData=(sc.Default)&comp=wlau,FALSE,NA: ThomsonReuters
https://anzlaw.thomsonreuters.com/Link/Document/FullText?findType=Y&serNum=1973140453&pubNum=3586&originatingDoc=Icca3e70087a411e8aca5bab3c9b3f468&refType=TG&originationContext=document&transitionType=DocumentItem&ppcid=a4cf3da2ceed46eb95f0a8fb7f9fc1f8&contextData=(sc.Default)&comp=wlau,FALSE,NA: ThomsonReuters
https://anzlaw.thomsonreuters.com/Link/Document/FullText?findType=Y&serNum=1973140453&pubNum=3586&originatingDoc=Icca3e70087a411e8aca5bab3c9b3f468&refType=TG&originationContext=document&transitionType=DocumentItem&ppcid=e9b2eea78cf945dfae443f38bbcfdc4f&contextData=(sc.Default)&comp=wlau,FALSE,NA: ThomsonReuters
https://anzlaw.thomsonreuters.com/Link/Document/FullText?findType=Y&serNum=1974157656&pubNum=4888&originatingDoc=I259ffee0893311e8aca5bab3c9b3f468&refType=TG&originationContext=document&transitionType=DocumentItem&ppcid=518bd2ffa94945babb00005e693027e8&contextData=(sc.Default)&comp=wlahttps://anzlaw.thomsonreuters.com/Link/Document/FullText?findType=Y&serNum=1974157656&pubNum=4888&originatingDoc=I259ffee0893311e8aca5bab3c9b3f468&refType=TG&originationContext=document&transitionType=DocumentItem&ppcid=518bd2ffa94945babb00005e693027e8&contextData=(sc.Default)&comp=wlau,FALSE,NA: ThomsonReuters
https://anzlaw.thomsonreuters.com/Link/Document/FullText?findType=Y&serNum=1974157656&pubNum=4888&originatingDoc=I259ffee0893311e8aca5bab3c9b3f468&refType=TG&originationContext=document&transitionType=DocumentItem&ppcid=518bd2ffa94945babb00005e693027e8&contextData=(sc.Default)&comp=wlau,FALSE,NA: ThomsonReuters
https://anzlaw.thomsonreuters.com/Link/Document/FullText?findType=Y&serNum=1975144142&pubNum=3586&originatingDoc=I7ad6ef2087a511e8aca5bab3c9b3f468&refType=TG&originationContext=document&transitionType=DocumentItem&ppcid=9365592f07884cd1b67c41a4217597bb&contextData=(sc.Default)&comp=wlau,FALSE,NA: ThomsonReuters
https://anzlaw.thomsonreuters.com/Link/Document/FullText?findType=Y&serNum=1977143389&pubNum=3586&originatingDoc=Idef1eaf087a511e8aca5bab3c9b3f468&refType=TG&originationContext=document&transitionType=DocumentItem&ppcid=f285e98b5249481c84404cb7cb126fc9&contextData=(sc.Default)&comp=wlau,FALSE,NA: ThomsonReuters
https://anzlaw.thomsonreuters.com/Link/Document/FullText?findType=Y&serNum=1978151325&pubNum=3586&originatingDoc=I80cab7d087a611e8aca5bab3c9b3f468&refType=TG&originationContext=document&transitionType=DocumentItem&ppcid=0e2b0ee28a7d4fbe91f158d151cfaa27&contextData=(sc.Default)&comp=wlau,FALSE,NA: ThomsonReuters
https://anzlaw.thomsonreuters.com/Link/Document/FullText?findType=Y&serNum=1978151888&pubNum=3586&originatingDoc=I4c7e32e087a611e8aca5bab3c9b3f468&refType=TG&originationContext=document&transitionType=DocumentItem&ppcid=08b0057373844f88bf2c2712ca1fa4d8&contextData=(sc.DocLink)&comp=wlau,FALSE,NA: ThomsonReuters
https://anzlaw.thomsonreuters.com/Link/Document/FullText?findType=Y&serNum=1978152109&pubNum=5542&originatingDoc=If158fbd1816911e8b22785ae5ff38a3b&refType=TG&originationContext=document&transitionType=DocumentItem&ppcid=db7858ce30cc4592bc92ea1afe33c818&contextData=(sc.Default)&comp=wlau,FALSE,NA: ThomsonReuters
https://anzlaw.thomsonreuters.com/Link/Document/FullText?findType=Y&serNum=1979090218&pubNum=4888&originatingDoc=Ieab332b0893311e8aca5bab3c9b3f468&refType=TG&originationContext=document&transitionType=DocumentItem&ppcid=59fb9796beba40eba4edad69fe7be1a3&contextData=(sc.Default)&comp=wlau,FALSE,NA: ThomsonReuters
https://anzlaw.thomsonreuters.com/Link/Document/FullText?findType=Y&serNum=1979154529&pubNum=5341&originatingDoc=I8df24250896011e8aca5bab3c9b3f468&refType=TG&originationContext=document&transitionType=DocumentItem&ppcid=3284394e5a314260983beeb33731c600&contextData=(sc.Default)&comp=wlau,FALSE,NA: ThomsonReuters
https://anzlaw.thomsonreuters.com/Link/Document/FullText?findType=Y&serNum=1980155654&pubNum=3586&originatingDoc=I992017609e4511e9bf2e892031bbe848&refType=TG&originationContext=document&transitionType=DocumentItem&ppcid=1c3f094a24894040963c92a673c6ba04&contextData=(sc.DocLink)&comp=wlau,FALSE,NA: ThomsonReuters
https://anzlaw.thomsonreuters.com/Link/Document/FullText?findType=Y&serNum=1980177113&pubNum=5341&originatingDoc=I6747627088c011e8aca5bab3c9b3f468&refType=TG&originationContext=document&transitionType=DocumentItem&ppcid=93bfe4554b3b4686b4a192f0395249fa&contextData=(sc.Default)&comp=wlau,FALSE,NA: ThomsonReuters
https://anzlaw.thomsonreuters.com/Link/Document/FullText?findType=Y&serNum=1981032165&pubNum=3586&originatingDoc=I2343e36087a711e8aca5bab3c9b3f468&refType=TG&originationContext=document&transitionType=DocumentItem&ppcid=2f3283fb148245178bc37870b7b2f28c&contextData=(sc.Default)&comp=wlau,FALSE,NA: ThomsonReuters
https://anzlaw.thomsonreuters.com/Link/Document/FullText?findType=Y&serNum=1981172709&pubNum=3586&originatingDoc=I62b4467087a711e8aca5bab3c9b3f468&refType=TG&originationContext=document&transitionType=DocumentItem&ppcid=3330ee783afa40b282a2af2e018cf321&contextData=(sc.Default)&comp=wlau,TRUE,https://jade.io/article/172213
https://anzlaw.thomsonreuters.com/Link/Document/FullText?findType=Y&serNum=1981172709&pubNum=3586&originatingDoc=I62b4467087a711e8aca5bab3c9b3f468&refType=TG&originationContext=document&transitionType=DocumentItem&ppcid=8d1588c6882e4e6bac2737056cd2b624&contextData=(sc.Default)&comp=wlau,FALSE,NA: ThomsonReuters
https://anzlaw.thomsonreuters.com/Link/Document/FullText?findType=Y&serNum=1981173396&pubNum=3586&originatingDoc=I1e7914e087a711e8aca5bab3c9b3f468&refType=TG&originationContext=document&transitionType=DocumentItem&ppcid=47305ad6a9304191aa2707d72762a8eb&contextData=(sc.Default)&comp=wlau,FALSE,NA: ThomsonReuters
https://anzlaw.thomsonreuters.com/Link/Document/FullText?findType=Y&serNum=1981173396&pubNum=3586&originatingDoc=I1e7914e087a711e8aca5bab3c9b3f468&refType=TG&originationContext=document&transitionType=DocumentItem&ppcid=54c51416a56c425a8d2f7f7f8a8a7d84&contextData=(sc.Default)&comp=wlau,FALSE,NA: ThomsonReuters
https://anzlaw.thomsonreuters.com/Link/Document/FullText?findType=Y&serNum=1981174418&pubNum=5341&originatingDoc=I6c8fbdc0896211e8aca5bab3c9b3f468&refType=TG&originationContext=document&transitionType=DocumentItem&ppcid=fdf8aa165eb74026b2237a130d948c43&contextData=(sc.Default)&comp=wlau,FALSE,NA: ThomsonReuters
https://anzlaw.thomsonreuters.com/Link/Document/FullText?findType=Y&serNum=1982166377&pubNum=5542&originatingDoc=I6900e433816b11e8b22785ae5ff38a3b&refType=TG&originationContext=document&transitionType=DocumentItem&ppcid=26e305126b834b7a94bfd53b4f8b33af&contextData=(sc.Default)&comp=wlau,FALSE,NA: ThomsonReuters
https://anzlaw.thomsonreuters.com/Link/Document/FullText?findType=Y&serNum=1983166824&pubNum=3586&originatingDoc=I2874832087a811e8aca5bab3c9b3f468&refType=TG&originationContext=document&transitionType=DocumentItem&ppcid=ddf62e33acf04689ba38c1d1cb8106a3&contextData=(sc.Default)&comp=wlau,FALSE,NA: ThomsonReuters
https://anzlaw.thomsonreuters.com/Link/Document/FullText?findType=Y&serNum=1984183869&pubNum=3586&originatingDoc=I94760c6087a811e8aca5bab3c9b3f468&refType=TG&originationContext=document&transitionType=DocumentItem&ppcid=06e41252ea624470b97ca873113b67d4&contextData=(sc.Default)&comp=wlau,FALSE,NA: ThomsonReuters
https://anzlaw.thomsonreuters.com/Link/Document/FullText?findType=Y&serNum=1985187596&pubNum=3586&originatingDoc=Ifaa4f41087a811e8aca5bab3c9b3f468&refType=TG&originationContext=document&transitionType=DocumentItem&ppcid=0944fe68275b42bc95fa12fab9845a71&contextData=(sc.Default)&comp=wlau,FALSE,NA: ThomsonReuters
https://anzlaw.thomsonreuters.com/Link/Document/FullText?findType=Y&serNum=1985187596&pubNum=3586&originatingDoc=Ifaa4f41087a811e8aca5bab3c9b3f468&refType=TG&originationContext=document&transitionType=DocumentItem&ppcid=69ccc2b1398b4a77a8f34babd45419da&contextData=(sc.Default)&comp=wlau,FALSE,NA: ThomsonReuters
https://anzlaw.thomsonreuters.com/Link/Document/FullText?findType=Y&serNum=1985188218&pubNum=3586&originatingDoc=I87c584b087b111e8aca5bab3c9b3f468&refType=TG&originationContext=document&transitionType=DocumentItem&ppcid=0e4850ef12ef43f89342147c0d3d36e2&contextData=(sc.Default)&comp=wlau,FALSE,NA: ThomsonReuters
https://anzlaw.thomsonreuters.com/Link/Document/FullText?findType=Y&serNum=1985188578&pubNum=3586&originatingDoc=Icdf1c6f087a811e8aca5bab3c9b3f468&refType=TG&originationContext=document&transitionType=DocumentItem&ppcid=f109a25603e342d890ecb213cee2c101&contextData=(sc.Default)&comp=wlau,FALSE,NA: ThomsonReuters
https://anzlaw.thomsonreuters.com/Link/Document/FullText?findType=Y&serNum=1986182531&pubNum=3586&originatingDoc=I911d9d2087a911e8aca5bab3c9b3f468&refType=TG&originationContext=document&transitionType=DocumentItem&ppcid=5e98ee7dd8224450aff541b34432173b&contextData=(sc.Default)&comp=wlau,FALSE,NA: ThomsonReuters
https://anzlaw.thomsonreuters.com/Link/Document/FullText?findType=Y&serNum=1986184407&pubNum=3586&originatingDoc=I53bc6b0087a911e8aca5bab3c9b3f468&refType=TG&originationContext=document&transitionType=DocumentItem&ppcid=93420a0ae51e4fe095711086a5940eb1&contextData=(sc.Default)&comp=wlau,FALSE,NA: ThomsonReuters
https://anzlaw.thomsonreuters.com/Link/Document/FullText?findType=Y&serNum=1987319301&pubNum=5341&originatingDoc=Icdf27f0088c011e8aca5bab3c9b3f468&refType=TG&originationContext=document&transitionType=DocumentItem&ppcid=2c37209605db49b1a0a9673c890566c2&contextData=(sc.Default)&comp=wlau,FALSE,NA: ThomsonReuters
https://anzlaw.thomsonreuters.com/Link/Document/FullText?findType=Y&serNum=1988282967&pubNum=4840&originatingDoc=Ib599aa5088f211e8aca5bab3c9b3f468&refType=TG&originationContext=document&transitionType=DocumentItem&ppcid=0ccfa02288764f0f9db8f06c6bf60ee5&contextData=(sc.Default)&comp=wlau,FALSE,NA: ThomsonReuters
https://anzlaw.thomsonreuters.com/Link/Document/FullText?findType=Y&serNum=1989188494&pubNum=3586&originatingDoc=I8a42f5e087b311e8aca5bab3c9b3f468&refType=TG&originationContext=document&transitionType=DocumentItem&ppcid=164a6d2a6e4d4a88944cd5c19da70add&contextData=(sc.Default)&comp=wlau,FALSE,NA: ThomsonReuters
https://anzlaw.thomsonreuters.com/Link/Document/FullText?findType=Y&serNum=1989188494&pubNum=3586&originatingDoc=I8a42f5e087b311e8aca5bab3c9b3f468&refType=TG&originationContext=document&transitionType=DocumentItem&ppcid=ee5e508f7a2443068e9ae9272d842d3f&contextData=(sc.Default)&comp=wlau,FALSE,NA: ThomsonReuters
https://anzlaw.thomsonreuters.com/Link/Document/FullText?findType=Y&serNum=1989308550&pubNum=3586&originatingDoc=Ie2779d0087aa11e8aca5bab3c9b3f468&refType=TG&originationContext=document&transitionType=DocumentItem&ppcid=72b1dab8632d40e391e4a1e6e6dbd59d&contextData=(sc.Default)&comp=wlau,FALSE,NA: ThomsonReuters
https://anzlaw.thomsonreuters.com/Link/Document/FullText?findType=Y&serNum=1990308302&pubNum=3586&originatingDoc=I1e86859087ab11e8aca5bab3c9b3f468&refType=TG&originationContext=document&transitionType=DocumentItem&ppcid=52409dbe5f544c0aaf68a35d8d1b5b7f&contextData=(sc.Default)&comp=wlau,FALSE,NA: ThomsonReuters
https://anzlaw.thomsonreuters.com/Link/Document/FullText?findType=Y&serNum=1990308302&pubNum=3586&originatingDoc=I1e86859087ab11e8aca5bab3c9b3f468&refType=TG&originationContext=document&transitionType=DocumentItem&ppcid=833d9c922c7444b287c8427ce32cbc9b&contextData=(sc.Default)&comp=wlau,FALSE,NA: ThomsonReuters
https://anzlaw.thomsonreuters.com/Link/Document/FullText?findType=Y&serNum=1990308302&pubNum=3586&originatingDoc=I1e86859087ab11e8aca5bab3c9b3f468&refType=TG&originationContext=document&transitionType=DocumentItem&ppcid=991b156b885f46a2b73c19892f856ebe&contextData=(sc.Default)&comp=wlau,FALSE,NA: ThomsonReuters
https://anzlaw.thomsonreuters.com/Link/Document/FullText?findType=Y&serNum=1990308475&pubNum=3586&originatingDoc=I1634b33087ab11e8aca5bab3c9b3f468&refType=TG&originationContext=document&transitionType=DocumentItem&ppcid=717d854197024adfa63f32d6a82a6716&contextData=(sc.Default)&comp=wlau,FALSE,NA: ThomsonReuters
https://anzlaw.thomsonreuters.com/Link/Document/FullText?findType=Y&serNum=1990308599&pubNum=3586&originatingDoc=I279dcad087ab11e8aca5bab3c9b3f468&refType=TG&originationContext=document&transitionType=DocumentItem&ppcid=14eb70e49ad04f56b0db4bf0ff13b0b5&contextData=(sc.Default)&comp=wlau,FALSE,NA: ThomsonReuters
https://anzlaw.thomsonreuters.com/Link/Document/FullText?findType=Y&serNum=1991342452&pubNum=3586&originatingDoc=Id2ca97d087ab11e8aca5bab3c9b3f468&refType=TG&originationContext=document&transitionType=DocumentItem&ppcid=62362460d22e47eca6108042f3406203&contextData=(sc.Default)&comp=wlau,FALSE,NA: ThomsonReuters
https://anzlaw.thomsonreuters.com/Link/Document/FullText?findType=Y&serNum=1991343146&pubNum=6060&originatingDoc=I8b07e4f088a211e8aca5bab3c9b3f468&refType=TG&originationContext=document&transitionType=DocumentItem&ppcid=20129be5727946ad8bc943b14b9ab7d2&contextData=(sc.Default)&comp=wlau,FALSE,NA: ThomsonReuters
https://anzlaw.thomsonreuters.com/Link/Document/FullText?findType=Y&serNum=1991343226&pubNum=3586&originatingDoc=I8913221087ab11e8aca5bab3c9b3f468&refType=TG&originationContext=document&transitionType=DocumentItem&ppcid=19540dd4eb144e39bc87f60325372ef9&contextData=(sc.Default)&comp=wlau,FALSE,NA: ThomsonReuters
https://anzlaw.thomsonreuters.com/Link/Document/FullText?findType=Y&serNum=1991343245&pubNum=3586&originatingDoc=Iade58e2087ab11e8aca5bab3c9b3f468&refType=TG&originationContext=document&transitionType=DocumentItem&ppcid=f713288ee8e04f4782579dbcccb7e556&contextData=(sc.Default)&comp=wlau,FALSE,NA: ThomsonReuters
https://anzlaw.thomsonreuters.com/Link/Document/FullText?findType=Y&serNum=1991367352&pubNum=3586&originatingDoc=Iabfa5ff087ab11e8aca5bab3c9b3f468&refType=TG&originationContext=document&transitionType=DocumentItem&ppcid=6bee927c99b54b31a14a009774285d45&contextData=(sc.Default)&comp=wlau,FALSE,NA: ThomsonReuters
https://anzlaw.thomsonreuters.com/Link/Document/FullText?findType=Y&serNum=1992357000&pubNum=3586&originatingDoc=I9115a25087b311e8aca5bab3c9b3f468&refType=TG&originationContext=document&transitionType=DocumentItem&ppcid=0416506b02c04bfebd0b963436cfb844&contextData=(sc.Default)&comp=wlau,FALSE,NA: ThomsonReuters
https://anzlaw.thomsonreuters.com/Link/Document/FullText?findType=Y&serNum=1992357000&pubNum=3586&originatingDoc=I9115a25087b311e8aca5bab3c9b3f468&refType=TG&originationContext=document&transitionType=DocumentItem&ppcid=785132f820f241c2968e1109c681238b&contextData=(sc.Default)&comp=wlau,FALSE,NA: ThomsonReuters
https://anzlaw.thomsonreuters.com/Link/Document/FullText?findType=Y&serNum=1992357000&pubNum=3586&originatingDoc=I9115a25087b311e8aca5bab3c9b3f468&refType=TG&originationContext=document&transitionType=DocumentItem&ppcid=f3da1562e12241ffa1ec88660969f47a&contextData=(sc.Default)&comp=wlau,FALSE,NA: ThomsonReuters
https://anzlaw.thomsonreuters.com/Link/Document/FullText?findType=Y&serNum=1992357863&pubNum=3586&originatingDoc=I0348d6b087ac11e8aca5bab3c9b3f468&refType=TG&originationContext=document&transitionType=DocumentItem&ppcid=9254f474dcb44899be32d55c6a36c783&contextData=(sc.Default)&comp=wlau,FALSE,NA: ThomsonReuters
https://anzlaw.thomsonreuters.com/Link/Document/FullText?findType=Y&serNum=1992357930&pubNum=5138&originatingDoc=I08fca300881711e8aca5bab3c9b3f468&refType=TG&originationContext=document&transitionType=DocumentItem&ppcid=b615a3b7abf44d03814c2426a38bfad7&contextData=(sc.Default)&comp=wlau,FALSE,NA: ThomsonReuters
https://anzlaw.thomsonreuters.com/Link/Document/FullText?findType=Y&serNum=1992357936&pubNum=5138&originatingDoc=If1cad4e0881611e8aca5bab3c9b3f468&refType=TG&originationContext=document&transitionType=DocumentItem&ppcid=40f7d16776d74e58ab72955e30edfa9e&contextData=(sc.Default)&comp=wlau,FALSE,NA: ThomsonReuters
https://anzlaw.thomsonreuters.com/Link/Document/FullText?findType=Y&serNum=1992357936&pubNum=5138&originatingDoc=If1cad4e0881611e8aca5bab3c9b3f468&refType=TG&originationContext=document&transitionType=DocumentItem&ppcid=6ef14b38cf7b4c3fb616fef9db191c96&contextData=(sc.Default)&comp=wlau,FALSE,NA: ThomsonReuters
https://anzlaw.thomsonreuters.com/Link/Document/FullText?findType=Y&serNum=1992357950&pubNum=5138&originatingDoc=I327e5890881211e8aca5bab3c9b3f468&refType=TG&originationContext=document&transitionType=DocumentItem&ppcid=a2bef5ade82f4619914c180859468876&contextData=(sc.Default)&comp=wlau,FALSE,NA: ThomsonReuters
https://anzlaw.thomsonreuters.com/Link/Document/FullText?findType=Y&serNum=1992357957&pubNum=5138&originatingDoc=I4cc46b90881211e8aca5bab3c9b3f468&refType=TG&originationContext=document&transitionType=DocumentItem&ppcid=e7dafb6d700f4be496bca41e7ddeec37&contextData=(sc.Default)&comp=wlau,FALSE,NA: ThomsonReuters
https://anzlaw.thomsonreuters.com/Link/Document/FullText?findType=Y&serNum=1992357972&pubNum=3586&originatingDoc=I0601b52087ac11e8aca5bab3c9b3f468&refType=TG&originationContext=document&transitionType=DocumentItem&ppcid=e162ccace379477587c060d41bd7ff1d&contextData=(sc.Default)&comp=wlau,FALSE,NA: ThomsonReuters
https://anzlaw.thomsonreuters.com/Link/Document/FullText?findType=Y&serNum=1992357989&pubNum=5145&originatingDoc=I2a9e0040891011e8aca5bab3c9b3f468&refType=TG&originationContext=document&transitionType=DocumentItem&ppcid=e67b22521777474ca2c181ddb576754c&contextData=(sc.Default)&comp=wlau,FALSE,NA: ThomsonReuters
https://anzlaw.thomsonreuters.com/Link/Document/FullText?findType=Y&serNum=1993376184&pubNum=3586&originatingDoc=I9e7c96d087ac11e8aca5bab3c9b3f468&refType=TG&originationContext=document&transitionType=DocumentItem&ppcid=07f522df01b64c288ab723cf236f4d60&contextData=(sc.Default)&comp=wlau,FALSE,NA: ThomsonReuters
https://anzlaw.thomsonreuters.com/Link/Document/FullText?findType=Y&serNum=1993376502&pubNum=3586&originatingDoc=Iaed37b2087ac11e8aca5bab3c9b3f468&refType=TG&originationContext=document&transitionType=DocumentItem&ppcid=6f1176872c5c4ffca422d742cc4d3ba3&contextData=(sc.Default)&comp=wlau,FALSE,NA: ThomsonReuters
https://anzlaw.thomsonreuters.com/Link/Document/FullText?findType=Y&serNum=1993376502&pubNum=3586&originatingDoc=Iaed37b2087ac11e8aca5bab3c9b3f468&refType=TG&originationContext=document&transitionType=DocumentItem&ppcid=8f0af08bb0144e37af243a5ba87beb2a&contextData=(sc.Default)&comp=wlau,FALSE,NA: ThomsonReuters
https://anzlaw.thomsonreuters.com/Link/Document/FullText?findType=Y&serNum=1993377957&pubNum=3586&originatingDoc=I6f5b76f087ac11e8aca5bab3c9b3f468&refType=TG&originationContext=document&transitionType=DocumentItem&ppcid=604f7e8daa104492ac155692ef28db16&contextData=(sc.Default)&comp=wlau,FALSE,NA: ThomsonReuters
https://anzlaw.thomsonreuters.com/Link/Document/FullText?findType=Y&serNum=1994389304&pubNum=5147&originatingDoc=I152ad26087ad11e8aca5bab3c9b3f468&refType=TG&originationContext=document&transitionType=DocumentItem&ppcid=e078e191ebd948efa36141ea50e58555&contextData=(sc.DocLink)&comp=wlau,FALSE,NA: ThomsonReuters
https://anzlaw.thomsonreuters.com/Link/Document/FullText?findType=Y&serNum=1994389344&pubNum=3586&originatingDoc=Ib9fed35087ac11e8aca5bab3c9b3f468&refType=TG&originationContext=document&transitionType=DocumentItem&ppcid=4ff782e1df644d22a6088cb5521ffea0&contextData=(sc.Default)&comp=wlau,FALSE,NA: ThomsonReuters
https://anzlaw.thomsonreuters.com/Link/Document/FullText?findType=Y&serNum=1994389344&pubNum=3586&originatingDoc=Ib9fed35087ac11e8aca5bab3c9b3f468&refType=TG&originationContext=document&transitionType=DocumentItem&ppcid=c448be6c184e4f73945eada25b218a79&contextData=(sc.Default)&comp=wlau,FALSE,NA: ThomsonReuters
https://anzlaw.thomsonreuters.com/Link/Document/FullText?findType=Y&serNum=1994389514&pubNum=3586&originatingDoc=Ibb66eed087ac11e8aca5bab3c9b3f468&refType=TG&originationContext=document&transitionType=DocumentItem&ppcid=653331b9b0734f5289fdcde3556dd1a2&contextData=(sc.DocLink)&comp=wlau,FALSE,NA: ThomsonReuters
https://anzlaw.thomsonreuters.com/Link/Document/FullText?findType=Y&serNum=1994417642&pubNum=3586&originatingDoc=I120835a087ad11e8aca5bab3c9b3f468&refType=TG&originationContext=document&transitionType=DocumentItem&ppcid=8898ee1321ef4d2f9780f05f3d64ea10&contextData=(sc.Default)&comp=wlau,FALSE,NA: ThomsonReuters
https://anzlaw.thomsonreuters.com/Link/Document/FullText?findType=Y&serNum=1995387866&pubNum=3586&originatingDoc=I333ce18087ad11e8aca5bab3c9b3f468&refType=TG&originationContext=document&transitionType=DocumentItem&ppcid=5d3b80cfd3174cd9baeba5a2723e896e&contextData=(sc.Default)&comp=wlau,FALSE,NA: ThomsonReuters
https://anzlaw.thomsonreuters.com/Link/Document/FullText?findType=Y&serNum=1995389111&pubNum=3586&originatingDoc=I6cafc27087ad11e8aca5bab3c9b3f468&refType=TG&originationContext=document&transitionType=DocumentItem&ppcid=91b0f0a7018b44149f29436c2b8dd7be&contextData=(sc.Default)&comp=wlau,FALSE,NA: ThomsonReuters
https://anzlaw.thomsonreuters.com/Link/Document/FullText?findType=Y&serNum=1995389337&pubNum=5341&originatingDoc=Ieeb50630881211e8aca5bab3c9b3f468&refType=TG&originationContext=document&transitionType=DocumentItem&ppcid=6224a59362f347eaab642654285f434c&contextData=(sc.Default)&comp=wlau,FALSE,NA: ThomsonReuters
https://anzlaw.thomsonreuters.com/Link/Document/FullText?findType=Y&serNum=1996430536&pubNum=3586&originatingDoc=I2af3a53087ae11e8aca5bab3c9b3f468&refType=TG&originationContext=document&transitionType=DocumentItem&ppcid=4af88ac5cb634fd79c0094e5c2a65fe0&contextData=(sc.Default)&comp=wlau,FALSE,NA: ThomsonReuters
https://anzlaw.thomsonreuters.com/Link/Document/FullText?findType=Y&serNum=1997401166&pubNum=4840&originatingDoc=Id16185e088f311e8aca5bab3c9b3f468&refType=TG&originationContext=document&transitionType=DocumentItem&ppcid=4c02cbe0461d4d1eba5e5991918d0b54&contextData=(sc.Default)&comp=wlau,FALSE,NA: ThomsonReuters
https://anzlaw.thomsonreuters.com/Link/Document/FullText?findType=Y&serNum=1997401671&pubNum=3586&originatingDoc=I585f73f087ae11e8aca5bab3c9b3f468&refType=TG&originationContext=document&transitionType=DocumentItem&ppcid=c5574a21ebfb4fe6911038038cb86f9f&contextData=(sc.Default)&comp=wlau,FALSE,NA: ThomsonReuters
https://anzlaw.thomsonreuters.com/Link/Document/FullText?findType=Y&serNum=1998447472&pubNum=3586&originatingDoc=Ibffb63b087af11e8aca5bab3c9b3f468&refType=TG&originationContext=document&transitionType=DocumentItem&ppcid=cd7794790d9d4417a30cac51e8fc6e2b&contextData=(sc.Default)&comp=wlau,FALSE,NA: ThomsonReuters
https://anzlaw.thomsonreuters.com/Link/Document/FullText?findType=Y&serNum=1998448219&pubNum=5147&originatingDoc=Iaa40a53087af11e8aca5bab3c9b3f468&refType=TG&originationContext=document&transitionType=DocumentItem&ppcid=0f1e885e885e434583219c9ea4750b65&contextData=(sc.Default)&comp=wlau,FALSE,NA: ThomsonReuters
https://anzlaw.thomsonreuters.com/Link/Document/FullText?findType=Y&serNum=1998448231&pubNum=3586&originatingDoc=I69ff84a087af11e8aca5bab3c9b3f468&refType=TG&originationContext=document&transitionType=DocumentItem&ppcid=0088d8c62fd146d6a816db9458e68335&contextData=(sc.Default)&comp=wlau,FALSE,NA: ThomsonReuters
https://anzlaw.thomsonreuters.com/Link/Document/FullText?findType=Y&serNum=1998493005&pubNum=5341&originatingDoc=I97fbeb0088a911e8aca5bab3c9b3f468&refType=TG&originationContext=document&transitionType=DocumentItem&ppcid=bedfa352956a43f98a4d05373f278a59&contextData=(sc.Default)&comp=wlau,FALSE,NA: ThomsonReuters
https://anzlaw.thomsonreuters.com/Link/Document/FullText?findType=Y&serNum=1998493005&pubNum=5341&originatingDoc=I97fbeb0088a911e8aca5bab3c9b3f468&refType=TG&originationContext=document&transitionType=DocumentItem&ppcid=f63701408a43498997b69941f30f09d5&contextData=(sc.Default)&comp=wlau,FALSE,NA: ThomsonReuters
https://anzlaw.thomsonreuters.com/Link/Document/FullText?findType=Y&serNum=1999477972&pubNum=3586&originatingDoc=Ie243a27087af11e8aca5bab3c9b3f468&refType=TG&originationContext=document&transitionType=DocumentItem&ppcid=0b8fa7e045224149ae96d486ab3c1947&contextData=(sc.Default)&comp=wlau,FALSE,NA: ThomsonReuters
https://anzlaw.thomsonreuters.com/Link/Document/FullText?findType=Y&serNum=2000496633&pubNum=3586&originatingDoc=Idb17678087b311e8aca5bab3c9b3f468&refType=TG&originationContext=document&transitionType=DocumentItem&ppcid=0964cfcc4c874c5f84a338dbe87db233&contextData=(sc.Default)&comp=wlau,FALSE,NA: ThomsonReuters
https://anzlaw.thomsonreuters.com/Link/Document/FullText?findType=Y&serNum=2000496633&pubNum=3586&originatingDoc=Idb17678087b311e8aca5bab3c9b3f468&refType=TG&originationContext=document&transitionType=DocumentItem&ppcid=4481d45a3e6744b0b3b7d73a45be270a&contextData=(sc.Default)&comp=wlau,FALSE,NA: ThomsonReuters
https://anzlaw.thomsonreuters.com/Link/Document/FullText?findType=Y&serNum=2000496633&pubNum=3586&originatingDoc=Idb17678087b311e8aca5bab3c9b3f468&refType=TG&originationContext=document&transitionType=DocumentItem&ppcid=674c6d5109dd4a51b163430e877377de&contextData=(sc.Default)&comp=wlau,FALSE,NA: ThomsonReuters
https://anzlaw.thomsonreuters.com/Link/Document/FullText?findType=Y&serNum=2000499928&pubNum=5341&originatingDoc=I75a4346088d411e8aca5bab3c9b3f468&refType=TG&originationContext=document&transitionType=DocumentItem&ppcid=f3c6d2a352894dc19fbb534acad1fd0e&contextData=(sc.Default)&comp=wlau,FALSE,NA: ThomsonReuters
https://anzlaw.thomsonreuters.com/Link/Document/FullText?findType=Y&serNum=2000502276&pubNum=3586&originatingDoc=Iab14d270a4c211e9bf2e892031bbe848&refType=TG&originationContext=document&transitionType=DocumentItem&ppcid=809b5e0f4ed54d7ebcd323c4132bf3a7&contextData=(sc.Default)&comp=wlau,FALSE,NA: ThomsonReuters
https://anzlaw.thomsonreuters.com/Link/Document/FullText?findType=Y&serNum=2001729898&pubNum=5341&originatingDoc=I5110fb6088ac11e8aca5bab3c9b3f468&refType=TG&originationContext=document&transitionType=DocumentItem&ppcid=034efc819ec74304be746af34a5668c1&contextData=(sc.Default)&comp=wlau,FALSE,NA: ThomsonReuters
https://anzlaw.thomsonreuters.com/Link/Document/FullText?findType=Y&serNum=2001896538&pubNum=5138&originatingDoc=Ie822a4d0881711e8aca5bab3c9b3f468&refType=TG&originationContext=document&transitionType=DocumentItem&ppcid=28eecf68ed11459aa4fe35defa8b42d9&contextData=(sc.DocLink)&comp=wlau,FALSE,NA: ThomsonReuters
https://anzlaw.thomsonreuters.com/Link/Document/FullText?findType=Y&serNum=2002178223&pubNum=5147&originatingDoc=I6f4c1e9087b511e8aca5bab3c9b3f468&refType=TG&originationContext=document&transitionType=DocumentItem&ppcid=76acafcb7d4440a5bf6494b4d76093e4&contextData=(sc.Default)&comp=wlau,FALSE,NA: ThomsonReuters
https://anzlaw.thomsonreuters.com/Link/Document/FullText?findType=Y&serNum=2002381341&pubNum=3586&originatingDoc=Ic2b2acc087b511e8aca5bab3c9b3f468&refType=TG&originationContext=document&transitionType=DocumentItem&ppcid=07ee60af1e434ce2bed4811779ed16ed&contextData=(sc.Default)&comp=wlau,FALSE,NA: ThomsonReuters
https://anzlaw.thomsonreuters.com/Link/Document/FullText?findType=Y&serNum=2002400202&pubNum=5341&originatingDoc=I9fa90790891a11e8aca5bab3c9b3f468&refType=TG&originationContext=document&transitionType=DocumentItem&ppcid=0dab4a78e60b48c8a9e8ef085c21e419&contextData=(sc.Default)&comp=wlau,FALSE,NA: ThomsonReuters
https://anzlaw.thomsonreuters.com/Link/Document/FullText?findType=Y&serNum=2002494825&pubNum=3586&originatingDoc=Iba400bf087b511e8aca5bab3c9b3f468&refType=TG&originationContext=document&transitionType=DocumentItem&ppcid=15b807cd68704324a27ba94eae0b54f3&contextData=(sc.Default)&comp=wlauidentityprofileid=98NNDT55483,FALSE,NA: ThomsonReuters
https://anzlaw.thomsonreuters.com/Link/Document/FullText?findType=Y&serNum=2002494825&pubNum=3586&originatingDoc=Iba400bf087b511e8aca5bab3c9b3f468&refType=TG&originationContext=document&transitionType=DocumentItem&ppcid=366692282102427997074591647c6ef3&contextData=(sc.Default)&comp=wlau,FALSE,NA: ThomsonReuters
https://anzlaw.thomsonreuters.com/Link/Document/FullText?findType=Y&serNum=2002505183&pubNum=4840&originatingDoc=Ic9de12f088e611e8aca5bab3c9b3f468&refType=TG&originationContext=document&transitionType=DocumentItem&ppcid=307dc1d9644540d582f30e0f06dc88c0&contextData=(sc.Default)&comp=wlau,FALSE,NA: ThomsonReuters
https://anzlaw.thomsonreuters.com/Link/Document/FullText?findType=Y&serNum=2002505183&pubNum=4840&originatingDoc=Ic9de12f088e611e8aca5bab3c9b3f468&refType=TG&originationContext=document&transitionType=DocumentItem&ppcid=3b64fdd1ab9b42378340b3dde1c8c450&contextData=(sc.Default)&comp=wlau,FALSE,NA: ThomsonReuters
https://anzlaw.thomsonreuters.com/Link/Document/FullText?findType=Y&serNum=2002716337&pubNum=3586&originatingDoc=I06311e0087b611e8aca5bab3c9b3f468&refType=TG&originationContext=document&transitionType=DocumentItem&ppcid=99829c73c83b4ced9e82d1fcc0847f92&contextData=(sc.Default)&comp=wlau,FALSE,NA: ThomsonReuters
https://anzlaw.thomsonreuters.com/Link/Document/FullText?findType=Y&serNum=2003275246&pubNum=5341&originatingDoc=I9e37159088ad11e8aca5bab3c9b3f468&refType=TG&originationContext=document&transitionType=DocumentItem&ppcid=8c2c0057f3484eb295bd4e0eef132237&contextData=(sc.Default)&comp=wlau,FALSE,NA: ThomsonReuters
https://anzlaw.thomsonreuters.com/Link/Document/FullText?findType=Y&serNum=2003537364&pubNum=3586&originatingDoc=I6087086087b611e8aca5bab3c9b3f468&refType=TG&originationContext=document&transitionType=DocumentItem&ppcid=00af4d353d7541e7bbeb93c59575fe07&contextData=(sc.Search)&comp=wlau,FALSE,NA: ThomsonReuters
https://anzlaw.thomsonreuters.com/Link/Document/FullText?findType=Y&serNum=2003646154&pubNum=4888&originatingDoc=If0b2e110891a11e8aca5bab3c9b3f468&refType=TG&originationContext=document&transitionType=DocumentItem&ppcid=13ab27f419f34e8ca4e9904bde935a7d&contextData=(sc.Default)&comp=wlau,FALSE,NA: ThomsonReuters
https://anzlaw.thomsonreuters.com/Link/Document/FullText?findType=Y&serNum=2004135154&pubNum=5341&originatingDoc=I8014d030896511e8aca5bab3c9b3f468&refType=TG&originationContext=document&transitionType=DocumentItem&ppcid=83d2d17b171d40729faf602746c5d7c3&contextData=(sc.Default)&comp=wlau,FALSE,NA: ThomsonReuters
https://anzlaw.thomsonreuters.com/Link/Document/FullText?findType=Y&serNum=2004415898&pubNum=4888&originatingDoc=I9222da00891b11e8aca5bab3c9b3f468&refType=TG&originationContext=document&transitionType=DocumentItem&ppcid=e60b863da24f489788e9c946b5dfd2e7&contextData=(sc.Default)&comp=wlau,FALSE,NA: ThomsonReuters
https://anzlaw.thomsonreuters.com/Link/Document/FullText?findType=Y&serNum=2006843388&pubNum=3586&originatingDoc=Ia55d130087b911e8aca5bab3c9b3f468&refType=TG&originationContext=document&transitionType=DocumentItem&ppcid=0565d82466ad488ea1bc9d5038183a42&contextData=(sc.Default)&comp=wlau,FALSE,NA: ThomsonReuters
https://anzlaw.thomsonreuters.com/Link/Document/FullText?findType=Y&serNum=2006843388&pubNum=3586&originatingDoc=Ia55d130087b911e8aca5bab3c9b3f468&refType=TG&originationContext=document&transitionType=DocumentItem&ppcid=8d49c38ef3c64b11961ec20181c49954&contextData=(sc.Default)&comp=wlau,FALSE,NA: ThomsonReuters
https://anzlaw.thomsonreuters.com/Link/Document/FullText?findType=Y&serNum=2008556547&pubNum=3586&originatingDoc=I50b0b70087bc11e8aca5bab3c9b3f468&refType=TG&originationContext=document&transitionType=DocumentItem&ppcid=8102f4cb31e54b328abf63203cf41cfc&contextData=(sc.Default)&comp=wlau,FALSE,NA: ThomsonReuters
https://anzlaw.thomsonreuters.com/Link/Document/FullText?findType=Y&serNum=2009161675&pubNum=4840&originatingDoc=Iadea0c6088e711e8aca5bab3c9b3f468&refType=TG&originationContext=document&transitionType=DocumentItem&ppcid=d6fb6eb52ef64f32983f27cba2094afb&contextData=(sc.Default)&comp=wlau,FALSE,NA: ThomsonReuters
https://anzlaw.thomsonreuters.com/Link/Document/FullText?findType=Y&serNum=2010492318&pubNum=5138&originatingDoc=If5d2e0e0881c11e8aca5bab3c9b3f468&refType=TG&originationContext=document&transitionType=DocumentItem&ppcid=9bdb043d1f6a44899eec4fa0ecc22822&contextData=(sc.Default)&comp=wlau,FALSE,NA: ThomsonReuters
https://anzlaw.thomsonreuters.com/Link/Document/FullText?findType=Y&serNum=2014266713&pubNum=3586&originatingDoc=I7932aba087be11e8aca5bab3c9b3f468&refType=TG&originationContext=document&transitionType=DocumentItem&ppcid=590ca70153a8429f925ef5fcab871295&contextData=(sc.Default)&comp=wlau,FALSE,NA: ThomsonReuters
https://anzlaw.thomsonreuters.com/Link/Document/FullText?findType=Y&serNum=2014266713&pubNum=3586&originatingDoc=I7932aba087be11e8aca5bab3c9b3f468&refType=TG&originationContext=document&transitionType=DocumentItem&ppcid=6533ba5e37e34d5ba2e6f4ec9a9a2f77&contextData=(sc.Default)&comp=wlau,FALSE,NA: ThomsonReuters
https://anzlaw.thomsonreuters.com/Link/Document/FullText?findType=Y&serNum=2014266713&pubNum=3586&originatingDoc=I7932aba087be11e8aca5bab3c9b3f468&refType=TG&originationContext=document&transitionType=DocumentItem&ppcid=6f1de6ed585b46a8aefd1052c31f5a11&contextData=(sc.Default)&comp=wlau,FALSE,NA: ThomsonReuters
https://anzlaw.thomsonreuters.com/Link/Document/FullText?findType=Y&serNum=2014266713&pubNum=3586&originatingDoc=I7932aba087be11e8aca5bab3c9b3f468&refType=TG&originationContext=document&transitionType=DocumentItem&ppcid=f7299d8fb5e946a3ba181eeffd8f0ebf&contextData=(sc.Default)&comp=wlau,FALSE,NA: ThomsonReuters
https://anzlaw.thomsonreuters.com/Link/Document/FullText?findType=Y&serNum=2014335232&pubNum=3586&originatingDoc=I9bb87b926c1211e88bc7d893198c00f1&refType=TG&originationContext=document&transitionType=DocumentItem&ppcid=686745d7334941a881edc57225dcbe5f&contextData=(sc.DocLink)&comp=wlau,FALSE,NA: ThomsonReuters
https://anzlaw.thomsonreuters.com/Link/Document/FullText?findType=Y&serNum=2014539130&pubNum=5341&originatingDoc=I9f0edb2088b111e8aca5bab3c9b3f468&refType=TG&originationContext=document&transitionType=DocumentItem&ppcid=05662fc35e454afba26c7beab65ad12e&contextData=(sc.Default)&comp=wlau,FALSE,NA: ThomsonReuters
https://anzlaw.thomsonreuters.com/Link/Document/FullText?findType=Y&serNum=2015865511&pubNum=3586&originatingDoc=I13d91fe087bf11e8aca5bab3c9b3f468&refType=TG&originationContext=document&transitionType=DocumentItem&ppcid=4c429d8444624d468798e2af84a6e8c9&contextData=(sc.Default)&comp=wlau,FALSE,NA: ThomsonReuters
https://anzlaw.thomsonreuters.com/Link/Document/FullText?findType=Y&serNum=2015865511&pubNum=3586&originatingDoc=I13d91fe087bf11e8aca5bab3c9b3f468&refType=TG&originationContext=document&transitionType=DocumentItem&ppcid=d2d77604a6da430ea4dd84dd56d7780d&contextData=(sc.Default)&comp=wlau,FALSE,NA: ThomsonReuters
https://anzlaw.thomsonreuters.com/Link/Document/FullText?findType=Y&serNum=2016634691&pubNum=5138&originatingDoc=I058a8280881e11e8aca5bab3c9b3f468&refType=TG&originationContext=document&transitionType=DocumentItem&ppcid=4dd256cfa69349e68076ae0c9a5a9a4d&contextData=(sc.Default)&comp=wlau,FALSE,NA: ThomsonReuters
https://anzlaw.thomsonreuters.com/Link/Document/FullText?findType=Y&serNum=2017585533&pubNum=5341&originatingDoc=I4d19e8e088b211e8aca5bab3c9b3f468&refType=TG&originationContext=document&transitionType=DocumentItem&ppcid=f6967be395ce406a807a654c552054d3&contextData=(sc.Default)&comp=wlau,FALSE,NA: ThomsonReuters
https://anzlaw.thomsonreuters.com/Link/Document/FullText?findType=Y&serNum=2022910827&pubNum=5145&originatingDoc=I6c802e00890d11e8aca5bab3c9b3f468&refType=TG&originationContext=document&transitionType=DocumentItem&ppcid=5a7be0b609b14bb683e84c70670c2fdc&contextData=(sc.Default)&comp=wlau,FALSE,NA: ThomsonReuters
https://anzlaw.thomsonreuters.com/Link/Document/FullText?findType=Y&serNum=2025217494&pubNum=3586&originatingDoc=I7487d98087c411e8aca5bab3c9b3f468&refType=TG&originationContext=document&transitionType=DocumentItem&ppcid=66f004e3c1ef46b187afc297a6eaf330&contextData=(sc.Default)&comp=wlau,FALSE,NA: ThomsonReuters
https://anzlaw.thomsonreuters.com/Link/Document/FullText?findType=Y&serNum=2026487779&pubNum=4840&originatingDoc=Id3b9d95088e911e8aca5bab3c9b3f468&refType=TG&originationContext=document&transitionType=DocumentItem&ppcid=42f9e8aa925a4d059fca9e26f80df8c5&contextData=(sc.Default)&comp=wlau,FALSE,NA: ThomsonReuters
https://anzlaw.thomsonreuters.com/Link/Document/FullText?findType=Y&serNum=2027494151&pubNum=5542&originatingDoc=I4d22a810bb1e11e898d5c86e927851b9&refType=TG&originationContext=document&transitionType=DocumentItem&ppcid=e668cb5106674d34b5aa3fde12649891&contextData=(sc.Default)&comp=wlau,FALSE,NA: ThomsonReuters
https://anzlaw.thomsonreuters.com/Link/Document/FullText?findType=Y&serNum=2029925404&pubNum=4888&originatingDoc=I64e8ec80892211e8aca5bab3c9b3f468&refType=TG&originationContext=document&transitionType=DocumentItem&ppcid=a7a410bb21d34d26bfddfc94a7b5f00c&contextData=(sc.Default)&comp=wlau,FALSE,NA: ThomsonReuters
https://anzlaw.thomsonreuters.com/Link/Document/FullText?findType=Y&serNum=2029967902&pubNum=5341&originatingDoc=I66bb772088b511e8aca5bab3c9b3f468&refType=TG&originationContext=document&transitionType=DocumentItem&ppcid=90a92bc6ea954cf98e9b321ddbd81586&contextData=(sc.Default)&comp=wlau,FALSE,NA: ThomsonReuters
https://anzlaw.thomsonreuters.com/Link/Document/FullText?findType=Y&serNum=2030988451&pubNum=5341&originatingDoc=Icc9f2720898811e8aca5bab3c9b3f468&refType=TG&originationContext=document&transitionType=DocumentItem&ppcid=bbbcd2b610f8427c8d0e060bc1638467&contextData=(sc.Default)&comp=wlau,FALSE,NA: ThomsonReuters
https://anzlaw.thomsonreuters.com/Link/Document/FullText?findType=Y&serNum=2031455031&pubNum=5341&originatingDoc=Id82f0b6088b511e8aca5bab3c9b3f468&refType=TG&originationContext=document&transitionType=DocumentItem&ppcid=72fe425767464751b160c97d537c5252&contextData=(sc.Default)&comp=wlau,FALSE,NA: ThomsonReuters
https://anzlaw.thomsonreuters.com/Link/Document/FullText?findType=Y&serNum=2031455031&pubNum=5341&originatingDoc=Id82f0b6088b511e8aca5bab3c9b3f468&refType=TG&originationContext=document&transitionType=DocumentItem&ppcid=dcb47ae45f2743fe84c657845fa88b77&contextData=(sc.Default)&comp=wlau,FALSE,NA: ThomsonReuters
https://anzlaw.thomsonreuters.com/Link/Document/FullText?findType=Y&serNum=2031464607&pubNum=5341&originatingDoc=Ie0876d7088b511e8aca5bab3c9b3f468&refType=TG&originationContext=document&transitionType=DocumentItem&ppcid=b0c51b77719a4231bdff6d93ffc8ebd5&contextData=(sc.Default)&comp=wlau,FALSE,NA: ThomsonReuters
https://anzlaw.thomsonreuters.com/Link/Document/FullText?findType=Y&serNum=2034293555&pubNum=5341&originatingDoc=Ied1a4f7088b611e8aca5bab3c9b3f468&refType=TG&originationContext=document&transitionType=DocumentItem&ppcid=aa73844045584bd7a2b47a665cf7dfa6&contextData=(sc.Default)&comp=wlau,FALSE,NA: ThomsonReuters
https://anzlaw.thomsonreuters.com/Link/Document/FullText?findType=Y&serNum=2036816414&pubNum=3586&originatingDoc=Id647988087ca11e8aca5bab3c9b3f468&refType=TG&originationContext=document&transitionType=DocumentItem&ppcid=4917367ea2824e4bbf09b970f1bddaee&contextData=(sc.Default)&comp=wlau,FALSE,NA: ThomsonReuters
https://anzlaw.thomsonreuters.com/Link/Document/FullText?findType=Y&serNum=2037887687&pubNum=5138&originatingDoc=Ie0144310882211e8aca5bab3c9b3f468&refType=TG&originationContext=document&transitionType=DocumentItem&ppcid=60e78deedd2642c7afff214d7044ac73&contextData=(sc.Default)&comp=wlau,FALSE,NA: ThomsonReuters
https://anzlaw.thomsonreuters.com/Link/Document/FullText?findType=Y&serNum=2038609561&pubNum=3586&originatingDoc=I43aa1be087cc11e8aca5bab3c9b3f468&refType=TG&originationContext=document&transitionType=DocumentItem&ppcid=0fbfad97584c4269872a2753a55a8a36&contextData=(sc.Default)&comp=wlau,FALSE,NA: ThomsonReuters
https://anzlaw.thomsonreuters.com/Link/Document/FullText?findType=Y&serNum=2039669375&pubNum=3586&originatingDoc=Ie250e2b087cc11e8aca5bab3c9b3f468&refType=TG&originationContext=document&transitionType=DocumentItem&ppcid=e5cf46d7ea9144ee9f6baf967d7b7a76&contextData=(sc.Default)&comp=wlau,FALSE,NA: ThomsonReuters
https://anzlaw.thomsonreuters.com/Link/Document/FullText?findType=Y&serNum=2041552640&pubNum=3586&originatingDoc=I930c436087cd11e8aca5bab3c9b3f468&refType=TG&originationContext=document&transitionType=DocumentItem&ppcid=41b00e3e941a4cc78754a7505b0160a9&contextData=(sc.Default)&comp=wlau,FALSE,NA: ThomsonReuters
https://anzlaw.thomsonreuters.com/Link/Document/FullText?findType=Y&serNum=2041552640&pubNum=3586&originatingDoc=I930c436087cd11e8aca5bab3c9b3f468&refType=TG&originationContext=document&transitionType=DocumentItem&ppcid=91313d6a50864184aad5dcee0cea794e&contextData=(sc.Default)&comp=wlau,FALSE,NA: ThomsonReuters
https://anzlaw.thomsonreuters.com/Link/Document/FullText?findType=Y&serNum=2041853447&pubNum=3586&originatingDoc=Icc48ab0087cd11e8aca5bab3c9b3f468&refType=TG&originationContext=document&transitionType=DocumentItem&ppcid=d64d5e118b704b27a21ca34f0517952e&contextData=(sc.Default)&comp=wlau,FALSE,NA: ThomsonReuters
https://anzlaw.thomsonreuters.com/Link/Document/FullText?findType=Y&serNum=2042583122&pubNum=3586&originatingDoc=I1197968087ce11e8aca5bab3c9b3f468&refType=TG&originationContext=document&transitionType=DocumentItem&ppcid=8e2972cd12224e3b85e253d8c059c579&contextData=(sc.Default)&comp=wlau,FALSE,NA: ThomsonReuters
https://anzlaw.thomsonreuters.com/Link/Document/FullText?findType=Y&serNum=2043996343&pubNum=3586&originatingDoc=Iabded3c087ce11e8aca5bab3c9b3f468&refType=TG&originationContext=document&transitionType=DocumentItem&ppcid=d9c3d4ff75cf4583be60595955e75e5d&contextData=(sc.Default)&comp=wlau,FALSE,NA: ThomsonReuters
https://anzlaw.thomsonreuters.com/Link/Document/FullText?findType=Y&serNum=2044763353&pubNum=3586&originatingDoc=I0b21e1b087cf11e8aca5bab3c9b3f468&refType=TG&originationContext=document&transitionType=DocumentItem&ppcid=19acea4743744cdbae71248eaf4d2eb2&contextData=(sc.Default)&comp=wlau,FALSE,NA: ThomsonReuters
https://anzlaw.thomsonreuters.com/Link/Document/FullText?findType=Y&serNum=2045147751&pubNum=5146&originatingDoc=I019ed680aaa611e8b9f2db006db927ca&refType=TG&originationContext=document&transitionType=DocumentItem&ppcid=1d8c2cc3d93b4f92b8a88c9a86198496&contextData=(sc.Default)&comp=wlau,FALSE,NA: ThomsonReuters
https://anzlaw.thomsonreuters.com/Link/Document/FullText?findType=Y&serNum=2045473902&pubNum=3586&originatingDoc=I37152290bb0611e898d5c86e927851b9&refType=TG&originationContext=document&transitionType=DocumentItem&ppcid=158bddf9a54d404985b08fe258b0ffa9&contextData=(sc.Default)&comp=wlau,FALSE,NA: ThomsonReuters
https://anzlaw.thomsonreuters.com/Link/Document/FullText?findType=Y&serNum=2045473902&pubNum=3586&originatingDoc=I5dba62c0ff7611e89ad7e64d5cc23385&refType=TG&originationContext=document&transitionType=DocumentItem&ppcid=b9adb8c2b7b5495db6a4ab5e62d4505e&contextData=(sc.Default)&comp=wlau,FALSE,NA: ThomsonReuters
https://anzlaw.thomsonreuters.com/Link/Document/FullText?findType=Y&serNum=2047802086&pubNum=3586&originatingDoc=I9e90d8a0629611e98d6ff62d2a5f581a&refType=TG&originationContext=document&transitionType=DocumentItem&ppcid=16058dd204d846e989237d7aecfc3be6&contextData=(sc.DocLink)&comp=wlau,FALSE,NA: ThomsonReuters
https://anzlaw.thomsonreuters.com/Link/Document/FullText?findType=Y&serNum=2049840340&pubNum=3586&originatingDoc=I0f08da541e6511ea8c50c7a8655a0ef5&refType=TG&originationContext=document&transitionType=DocumentItem&ppcid=bbb16dee5e2945048cf78c5117c79964&contextData=(sc.Default)&comp=wlau,FALSE,NA: ThomsonReuters
https://anzlaw.thomsonreuters.com/Link/Document/FullText?findType=Y&serNum=2050585060&pubNum=3586&originatingDoc=Ibcf05f1b68cf11ea9466e69956ff701d&refType=TG&originationContext=document&transitionType=DocumentItem&ppcid=1711c91fd7154a8fb239d7c9caa7fe5f&contextData=(sc.Default)&comp=wlau,FALSE,NA: ThomsonReuters
https://anzlaw.thomsonreuters.com/Link/Document/FullText?findType=Y&serNum=2053433884&pubNum=3586&originatingDoc=Ia4ca94609cb711eba9fac17add43d3d9&refType=TG&originationContext=document&transitionType=DocumentItem&ppcid=81b915bf8ce64bb88b837736f2604685&contextData=(sc.Default)&comp=wlau,FALSE,NA: ThomsonReuters
https://anzlaw.thomsonreuters.com/Link/Document/FullText?findType=Y&serNum=2056344301&pubNum=5341&originatingDoc=I9a10e440e55211ec9e6e8fde01a1b09b&refType=TG&originationContext=document&transitionType=DocumentItem&ppcid=b68c07b2a7a941fa898923ba778cb651&contextData=(sc.Default)&comp=wlau,FALSE,NA: ThomsonReuters
https://anzlaw.thomsonreuters.com/Link/Document/FullText?findType=Y&serNum=2073915410&pubNum=5341&originatingDoc=I272d83c0d7ff11edb71cd378b46fc811&refType=TG&originationContext=document&transitionType=DocumentItem&ppcid=7364f4814a544e1899c5e299f5a2ce53&contextData=(sc.Default)&comp=wlau,FALSE,NA: ThomsonReuters
https://anzlaw.thomsonreuters.com/Link/Document/FullText?findType=Y&serNum=2074717354&pubNum=3586&originatingDoc=I4b5f56d0f44a11ed805cee54123d0c3a&refType=TG&originationContext=document&transitionType=DocumentItem&ppcid=ae32e9290aa54cc59890ea4e5fb94ac0&contextData=(sc.Default)&comp=wlau,FALSE,NA: ThomsonReuters
https://anzlaw.thomsonreuters.com/Link/Document/FullText?findType=Y&serNum=2079620548&pubNum=3586&originatingDoc=Idb8645d0fc4f11ee8f22bcc8aa6f2931&refType=TG&originationContext=document&transitionType=DocumentItem&ppcid=526b4aef49a64496adcdc4729e1bd8c2&contextData=(sc.Default)&comp=wlau,FALSE,NA: ThomsonReuters
https://anzlaw.thomsonreuters.com/Link/Document/FullText?refType=U2&serNum=2007824621&pubNum=0004888&originationContext=document&transitionType=DocumentItem&ppcid=cad1046a6e644a8e881d4a983d7de0f0&contextData=(sc.Category),FALSE,NA: ThomsonReuters
https://anzlaw.thomsonreuters.com/Link/Document/FullText?refType=U2&serNum=2036816414&pubNum=0003586&originationContext=document&transitionType=DocumentItem&ppcid=34d5567350cd4ca788baf9226af2452e&contextData=(sc.Search)&comp=wlau,FALSE,NA: ThomsonReuters
https://archive.sclqld.org.au/qjudgment/1992/QCA92-223.pdf,FALSE,NA: SCLQLD
https://archive.sclqld.org.au/qjudgment/1993/QCA93-419.pdf,FALSE,NA: SCLQLD
https://archive.sclqld.org.au/qjudgment/1995/QCA95-328.pdf,FALSE,NA: SCLQLD
https://archive.sclqld.org.au/qjudgment/1996/QCA96-258.pdf,FALSE,NA: SCLQLD
https://archive.sclqld.org.au/qjudgment/1997/QCA97-355.pdf,FALSE,NA: SCLQLD
https://archive.sclqld.org.au/qjudgment/1998/QCA98-119.pdf,FALSE,NA: SCLQLD
https://archive.sclqld.org.au/qjudgment/1998/QCA98-333.pdf,FALSE,NA: SCLQLD
https://archive.sclqld.org.au/qjudgment/1999/QCA99-270.pdf,FALSE,NA: SCLQLD
https://archive.sclqld.org.au/qjudgment/2000/QCA00-244.pdf,FALSE,NA: SCLQLD
https://archive.sclqld.org.au/qjudgment/2001/QCA01-105.pdf,FALSE,NA: SCLQLD
https://archive.sclqld.org.au/qjudgment/2001/QCA01-263.pdf,FALSE,NA: SCLQLD
https://archive.sclqld.org.au/qjudgment/2001/QCA01-387.pdf,FALSE,NA: SCLQLD
https://archive.sclqld.org.au/qjudgment/2002/QCA02-206.pdf,FALSE,NA: SCLQLD
https://archive.sclqld.org.au/qjudgment/2002/QCA02-464.pdf,FALSE,NA: SCLQLD
https://archive.sclqld.org.au/qjudgment/2003/QCA03-070.pdf,FALSE,NA: SCLQLD
https://archive.sclqld.org.au/qjudgment/2006/QCA06-242.pdf,FALSE,NA: SCLQLD
https://archive.sclqld.org.au/qjudgment/2007/QCA07-373.pdf,FALSE,NA: SCLQLD
https://archive.sclqld.org.au/qjudgment/2007/QCA07-447.pdf,FALSE,NA: SCLQLD
https://archive.sclqld.org.au/qjudgment/2008/QCA08-325.pdf,FALSE,NA: SCLQLD
https://archive.sclqld.org.au/qjudgment/2010/QCA10-194.pdf,FALSE,NA: SCLQLD
https://archive.sclqld.org.au/qjudgment/2012/QCA12-156.pdf,FALSE,NA: SCLQLD
https://archive.sclqld.org.au/qjudgment/2012/QCA12-213.pdf,FALSE,NA: SCLQLD
https://archive.sclqld.org.au/qjudgment/2012/QCA12-265.pdf,FALSE,NA: SCLQLD
https://archive.sclqld.org.au/qjudgment/2013/QCA13-029.pdf,FALSE,NA: SCLQLD
https://archive.sclqld.org.au/qjudgment/2013/QCA13-223.pdf,FALSE,NA: SCLQLD
https://archive.sclqld.org.au/qjudgment/2013/QCA13-361.pdf,FALSE,NA: SCLQLD
https://archive.sclqld.org.au/qjudgment/2014/QCA14-223.pdf,FALSE,NA: SCLQLD
https://archive.sclqld.org.au/qjudgment/2014/QCA14-246.pdf,FALSE,NA: SCLQLD
https://archive.sclqld.org.au/qjudgment/2014/QCA14-349.pdf,FALSE,NA: SCLQLD
https://archive.sclqld.org.au/qjudgment/2014/QSC14-277.pdf,FALSE,NA: SCLQLD
https://archive.sclqld.org.au/qjudgment/2016/QCA16-144.pdf,FALSE,NA: SCLQLD
https://archive.sclqld.org.au/qjudgment/2016/QCA16-336.pdf,FALSE,NA: SCLQLD
https://archive.sclqld.org.au/qjudgment/2016/QCA16-350.pdf,FALSE,NA: SCLQLD
https://archive.sclqld.org.au/qjudgment/2017/QCA17-011.pdf,FALSE,NA: SCLQLD
https://archive.sclqld.org.au/qjudgment/2017/QCA17-169.pdf,FALSE,NA: SCLQLD
https://archive.sclqld.org.au/qjudgment/2017/QCA17-257.pdf,FALSE,NA: SCLQLD
https://archive.sclqld.org.au/qjudgment/2017/QSC17-108.pdf,FALSE,NA: SCLQLD
https://archive.sclqld.org.au/qjudgment/2018/QCA18-030.pdf,FALSE,NA: SCLQLD
https://archive.sclqld.org.au/qjudgment/2018/QCA18-125.pdf,FALSE,NA: SCLQLD
https://archive.sclqld.org.au/qjudgment/2018/QCA18-227.pdf,FALSE,NA: SCLQLD
https://archive.sclqld.org.au/qjudgment/2018/QCA18-258.pdf,FALSE,NA: SCLQLD
https://archive.sclqld.org.au/qjudgment/2018/QCA18-365.pdf,FALSE,NA: SCLQLD
https://advance-lexis-com.ezproxy-az.sclqld.org.au/api/permalink/05fdd5b0-89e1-4e61-aadc-f024fa4b0fa3/?context=1201008&identityprofileid=98NNDT55483,FALSE,NA: LexisNexis
https://archive.sclqld.org.au/qjudgment/2018/QSC18-283.pdf,FALSE,NA: SCLQLD
https://archive.sclqld.org.au/qjudgment/2019/QCA19-028.pdf,FALSE,NA: SCLQLD
https://archive.sclqld.org.au/qjudgment/2019/QCA19-135.pdf,FALSE,NA: SCLQLD
https://archive.sclqld.org.au/qjudgment/2019/QCA19-299.pdf,FALSE,NA: SCLQLD
https://archive.sclqld.org.au/qjudgment/2020/QCA20-037.pdf,FALSE,NA: SCLQLD
https://archive.sclqld.org.au/qjudgment/2020/QCA20-038.pdf,FALSE,NA: SCLQLD
https://archive.sclqld.org.au/qjudgment/2020/QCA20-057.pdf,FALSE,NA: SCLQLD
https://archive.sclqld.org.au/qjudgment/2020/QCA20-135.pdf,FALSE,NA: SCLQLD
https://archive.sclqld.org.au/qjudgment/2020/QCA20-192.pdf,FALSE,NA: SCLQLD
https://archive.sclqld.org.au/qjudgment/2020/QCA20-199.pdf,FALSE,NA: SCLQLD
https://archive.sclqld.org.au/qjudgment/2023/QCA23-089.pdf,FALSE,NA: SCLQLD
https://archive.sclqld.org.au/qjudgment/2024/QCA24-120.pdf,FALSE,NA: SCLQLD
https://archive.sclqld.org.au/qjudgment/2024/QCA24-165.pdf,FALSE,NA: SCLQLD
https://archive.sclqld.org.au/qjudgment/2024/QCA24-205.pdf,FALSE,NA: SCLQLD
https://archive.sclqld.org.au/qjudgment/2024/QCA24-238.pdf,FALSE,NA: SCLQLD
https://archive.sclqld.org.au/qjudgment/2025/QCA25-111.pdf,FALSE,NA: SCLQLD
https://archive.sclqld.org.au/qjudgment/2025/QCA25-152.pdf,FALSE,NA: SCLQLD
https://archive.sclqld.org.au/qjudgment/2025/QCA25-186.pdf,FALSE,NA: SCLQLD
https://advance-lexis-com.ezproxy-az.sclqld.org.au/document/documentlink/?pdmfid=1201008&crid=1164d926-6293-4843-b66d-e968edc7c453&pddocfullpath=%2Fshared%2Fdocument%2Fcases-au%2Furn%3AcontentItem%3A59TD-NJD1-F2TK-207D-00000-00&pdcontentcomponentid=267706&pddoctitle=%5B2013%5D+NSWCCA+237&pdproductcontenttypeid=urn%3Apct%3A170&pdiskwicview=false&ecomp=g2z2k&prid=d94956b2-cfb0-4540-b780-f2356e032685,TRUE,https://jade.io/article/304968
https://archive.sclqld.org.au/sclpub/supreme-and-district-courts-benchbook/your-responsibilities-as-a-juror.pdf,FALSE,NA: SCLQLD
https://advance-lexis-com.ezproxy-az.sclqld.org.au/document/onecase/?pdmfid=1201008&crid=147082ab-2b23-49f1-9af4-de849d6285aa&pddocfullpath=%2Fshared%2Fdocument%2Fcases-au%2Furn%3AcontentItem%3A5MXP-1H71-FJDY-X1SP-00000-00&pdcontentcomponentid=267706&pdteaserkey=cr2&pdicsfeatureid=1517127&pditab=allpods&ecomp=hwtpk&earg=cr2&prid=336b910a-2fb9-42a0-8e75-fcd6380091ac,TRUE,https://jade.io/article/521424
https://advance-lexis-com.ezproxy-az.sclqld.org.au/document/onecase/?pdmfid=1201008&crid=aa1130db-3cb7-47e9-b849-090908a82a3d&pddocfullpath=%2Fshared%2Fdocument%2Fcases-au%2Furn%3AcontentItem%3A61JY-V8T1-K0HK-22K8-00000-00&pdcontentcomponentid=267706&pdteaserkey=cr1&pdicsfeatureid=1517127&pditab=allpods&ecomp=hwtpk&earg=cr1&prid=33c2ae89-0482-4cab-a84e-7d304e933fe9,TRUE,https://jade.io/article/780385
https://aija.org.au/wp-content/uploads/2017/07/Aboriginal-Benchbook-for-WA-Courts-2nd-Ed.pdf,FALSE,UNMAPPED; Accessible
https://archive.sclqld.org.au/qjudgment/2018/QDCPR18-056.pdf,FALSE,UNMAPPED; Accessible
https://archive.sclqld.org.au/sclpub/supreme-and-district-courts-benchbook/trial-of-technical-solution-for-in-court-interpreters.pdf,FALSE,UNMAPPED; Accessible
https://aus01.safelinks.protection.outlook.com/?url=https%3A%2F%2Fdjag.service-now.com%2Fsp%3Fid%3Dkb_article%26sys_id%3D74d2a721476cda904b7e9f7f016d43bc&data=05%7C02%7Cjustice.muir%40courts.qld.gov.au%7C306a40348f8c4c453ccb08dcd1fef444%7C583ea622975d4befa1d0d1f9c139f8b3%7C0%7C0%7C638616140147618432%7CUnknown%7CTWFpbGZsb3d8eyJWIjoiMC4wLjAwMDAiLCJQIjoiV2luMzIiLCJBTiI6Ik1haWwiLCJXVCI6Mn0%3D%7C0%7C%7C%7C&sdata=GwMrsLGGtGCrf%2BdRsIGqjdTk%2Ffr2g6H0PkmhEYXvLYM%3D&reserved=0,FALSE,UNMAPPED; Inaccessible; Login Protected
https://eresources.hcourt.gov.au/downloadPdf/2016/HCA/12,TRUE,https://www.hcourt.gov.au/sites/default/files/eresources/2016/HCA/12.pdf
https://eresources.hcourt.gov.au/showbyHandle/1/11654,TRUE,https://jade.io/article/67216
https://eresources.hcourt.gov.au/showbyHandle/1/9350,TRUE,https://jade.io/article/65623
https://eresources.hcourt.gov.au/showbyHandle/1/9647,TRUE,https://jade.io/article/67910
https://eresources.hcourt.gov.au/showCase/2015/HCA/38,TRUE,https://www.hcourt.gov.au/sites/default/files/eresources/2015/HCA/38.pdf
https://eresources.hcourt.gov.au/showCase/2020/HCA/11,TRUE,https://www.hcourt.gov.au/sites/default/files/eresources/2020/HCA/11.pdf
https://aus01.safelinks.protection.outlook.com/?url=https%3A%2F%2Fdjag.service-now.com%2Fsp%3Fid%3Dsc_cat_item%26sys_id%3D1cd810ee1b9235107632fe231d4bcb58&data=05%7C02%7Cjustice.muir%40courts.qld.gov.au%7C306a40348f8c4c453ccb08dcd1fef444%7C583ea622975d4befa1d0d1f9c139f8b3%7C0%7C0%7C638616140147613856%7CUnknown%7CTWFpbGZsb3d8eyJWIjoiMC4wLjAwMDAiLCJQIjoiV2luMzIiLCJBTiI6Ik1haWwiLCJXVCI6Mn0%3D%7C0%7C%7C%7C&sdata=neQASD%2B1EUfgqWu0L6kPgKjloy7top%2FnQsocUEhCvDo%3D&reserved=0,FALSE,UNMAPPED; Inaccessible; Login Protected
https://decisions.scc-csc.ca/scc-csc/scc-csc/en/1684/1/document.do,FALSE,NA: Canadian
https://jade.io/article/1071415,FALSE,NA: JADE
https://jade.io/article/1078416,FALSE,NA: JADE
https://jade.io/article/10852,FALSE,NA: JADE
https://jade.io/article/12853,FALSE,NA: JADE
https://jade.io/article/136187,FALSE,NA: JADE
https://jade.io/article/136398,FALSE,NA: JADE
https://jade.io/article/136861,FALSE,NA: JADE
https://jade.io/article/143131,FALSE,NA: JADE
https://jade.io/article/143264,FALSE,NA: JADE
https://jade.io/article/148200,FALSE,NA: JADE
https://jade.io/article/174614,FALSE,NA: JADE
https://jade.io/article/176110,FALSE,NA: JADE
https://jade.io/article/177246,FALSE,NA: JADE
https://jade.io/article/177687,FALSE,NA: JADE
https://jade.io/article/178496,FALSE,NA: JADE
https://jade.io/article/178867,FALSE,NA: JADE
https://jade.io/article/180544,FALSE,NA: JADE
https://jade.io/article/183370,FALSE,NA: JADE
https://jade.io/article/183553,FALSE,NA: JADE
https://jade.io/article/18380,FALSE,NA: JADE
https://jade.io/article/188352,FALSE,NA: JADE
https://jade.io/article/188378,FALSE,NA: JADE
https://jade.io/article/188388,FALSE,NA: JADE
https://jade.io/article/193093,FALSE,NA: JADE
https://jade.io/article/204338,FALSE,NA: JADE
https://jade.io/article/212480,FALSE,NA: JADE
https://jade.io/article/217736,FALSE,NA: JADE
https://jade.io/article/251992?at.hl=%255B2011%255D+NSWCCA+187,FALSE,NA: JADE
https://jade.io/article/256452,FALSE,NA: JADE
https://jade.io/article/260272,FALSE,NA: JADE
https://jade.io/article/267005,FALSE,NA: JADE
https://jade.io/article/267626,FALSE,NA: JADE
https://jade.io/article/288015,FALSE,NA: JADE
https://jade.io/article/290422,FALSE,NA: JADE
https://jade.io/article/290701,FALSE,NA: JADE
https://jade.io/article/297538,FALSE,NA: JADE
https://jade.io/article/298093,FALSE,NA: JADE
https://jade.io/article/309,FALSE,NA: JADE
https://jade.io/article/334,FALSE,NA: JADE
https://jade.io/article/402565,FALSE,NA: JADE
https://jade.io/article/460468,FALSE,NA: JADE
https://jade.io/article/464239,FALSE,NA: JADE
https://jade.io/article/528728,FALSE,NA: JADE
https://jade.io/article/592985,FALSE,NA: JADE
https://jade.io/article/596260,FALSE,NA: JADE
https://jade.io/article/60831,FALSE,NA: JADE
https://jade.io/article/634253,FALSE,NA: JADE
https://jade.io/article/63625,FALSE,NA: JADE
https://jade.io/article/637475,FALSE,NA: JADE
https://jade.io/article/63863,FALSE,NA: JADE
https://jade.io/article/63947,FALSE,NA: JADE
https://jade.io/article/64021,FALSE,NA: JADE
https://jade.io/article/64741,FALSE,NA: JADE
https://jade.io/article/64842,FALSE,NA: JADE
https://jade.io/article/64967,FALSE,NA: JADE
https://jade.io/article/65421,FALSE,NA: JADE
https://jade.io/article/65467,FALSE,NA: JADE
https://jade.io/article/65533,FALSE,NA: JADE
https://jade.io/article/65562,FALSE,NA: JADE
https://jade.io/article/65568,FALSE,NA: JADE
https://jade.io/article/65712,FALSE,NA: JADE
https://jade.io/article/65903,FALSE,NA: JADE
https://jade.io/article/66187,FALSE,NA: JADE
https://jade.io/article/66388,FALSE,NA: JADE
https://jade.io/article/66420,FALSE,NA: JADE
https://jade.io/article/66506,FALSE,NA: JADE
https://jade.io/article/66526,FALSE,NA: JADE
https://jade.io/article/66646,FALSE,NA: JADE
https://jade.io/article/66705,FALSE,NA: JADE
https://jade.io/article/66745,FALSE,NA: JADE
https://jade.io/article/66848,FALSE,NA: JADE
https://jade.io/article/66899,FALSE,NA: JADE
https://jade.io/article/66901,FALSE,NA: JADE
https://jade.io/article/66915,FALSE,NA: JADE
https://jade.io/article/66915/section/140850?asv=citation_browser,FALSE,NA: JADE
https://jade.io/article/669810,FALSE,NA: JADE
https://jade.io/article/67043,FALSE,NA: JADE
https://jade.io/article/67153,FALSE,NA: JADE
https://jade.io/article/67192,FALSE,NA: JADE
https://jade.io/article/67199,FALSE,NA: JADE
https://jade.io/article/67208,FALSE,NA: JADE
https://jade.io/article/67233,FALSE,NA: JADE
https://jade.io/article/67276,FALSE,NA: JADE
https://jade.io/article/67298,FALSE,NA: JADE
https://jade.io/article/67328,FALSE,NA: JADE
https://jade.io/article/67359,FALSE,NA: JADE
https://jade.io/article/67375,FALSE,NA: JADE
https://jade.io/article/67394,FALSE,NA: JADE
https://jade.io/article/67441,FALSE,NA: JADE
https://jade.io/article/67461,FALSE,NA: JADE
https://jade.io/article/67530,FALSE,NA: JADE
https://jade.io/article/67536,FALSE,NA: JADE
https://jade.io/article/67558,FALSE,NA: JADE
https://jade.io/article/67566,FALSE,NA: JADE
https://jade.io/article/67591,FALSE,NA: JADE
https://jade.io/article/67599,FALSE,NA: JADE
https://jade.io/article/67605,FALSE,NA: JADE
https://jade.io/article/67625,FALSE,NA: JADE
https://jade.io/article/67628,FALSE,NA: JADE
https://jade.io/article/67636,FALSE,NA: JADE
https://jade.io/article/67640,FALSE,NA: JADE
https://jade.io/article/67664,FALSE,NA: JADE
https://jade.io/article/67673,FALSE,NA: JADE
https://jade.io/article/67675,FALSE,NA: JADE
https://jade.io/article/67678,FALSE,NA: JADE
https://jade.io/article/67685,FALSE,NA: JADE
https://jade.io/article/67696,FALSE,NA: JADE
https://jade.io/article/67719,FALSE,NA: JADE
https://jade.io/article/67774,FALSE,NA: JADE
https://jade.io/article/67796,FALSE,NA: JADE
https://jade.io/article/67798,FALSE,NA: JADE
https://jade.io/article/67805,FALSE,NA: JADE
https://jade.io/article/67831,FALSE,NA: JADE
https://jade.io/article/67834,FALSE,NA: JADE
https://jade.io/article/67846,FALSE,NA: JADE
https://jade.io/article/67861,FALSE,NA: JADE
https://jade.io/article/67898,FALSE,NA: JADE
https://jade.io/article/67936,FALSE,NA: JADE
https://jade.io/article/68015,FALSE,NA: JADE
https://jade.io/article/68023,FALSE,NA: JADE
https://jade.io/article/68026,FALSE,NA: JADE
https://jade.io/article/68087,FALSE,NA: JADE
https://jade.io/article/68095,FALSE,NA: JADE
https://jade.io/article/68181,FALSE,NA: JADE
https://jade.io/article/68197,FALSE,NA: JADE
https://jade.io/article/68257,FALSE,NA: JADE
https://jade.io/article/68309,FALSE,NA: JADE
https://jade.io/article/68343,FALSE,NA: JADE
https://jade.io/article/68356,FALSE,NA: JADE
https://jade.io/article/68365,FALSE,NA: JADE
https://jade.io/article/68393,FALSE,NA: JADE
https://jade.io/article/70125,FALSE,NA: JADE
https://jade.io/article/70592,FALSE,NA: JADE
https://jade.io/article/70876,FALSE,NA: JADE
https://jade.io/article/70967,FALSE,NA: JADE
https://jade.io/article/71024,FALSE,NA: JADE
https://jade.io/article/71125,FALSE,NA: JADE
https://jade.io/article/71414,FALSE,NA: JADE
https://jade.io/article/71949,FALSE,NA: JADE
https://jade.io/article/72187,FALSE,NA: JADE
https://jade.io/article/722112,FALSE,NA: JADE
https://jade.io/article/80910,FALSE,NA: JADE
https://jade.io/article/913298,FALSE,NA: JADE
https://jade.io/article/932367,FALSE,NA: JADE
https://jade.io/article/973945,FALSE,NA: JADE
https://jade.io/article/99642,FALSE,NA: JADE
https://decisions.scc-csc.ca/scc-csc/scc-csc/en/item/1684/index.do,FALSE,NA: Canadian
https://djag.service-now.com/$viewer.do?sysparm_stack=no&sysparm_sys_id=b8d2a721476cda904b7e9f7f016d43c5,FALSE,UNMAPPED; Inaccessible; Login Protected
https://jvl.sclqld.org.au/caselaw/QCA/2021/136,FALSE,NA: SCLQLD
https://jvl.sclqld.org.au/caselaw/QCA/2021/15,FALSE,NA: SCLQLD
https://ecourts.justice.wa.gov.au/eCourtsPortal/Decisions/DownloadDecision/6d6ebe6e-0dac-f1ed-4825-648700767430?unredactedVersion=False,FALSE,UNMAPPED; Accessible
https://plus.lexis.com/apac/document/documentlink/?pdmfid=1539278&crid=1a1483c6-e19f-4a16-a678-a363645bf34c&pddocfullpath=%2Fshared%2Fdocument%2Fcases-au%2Furn:contentItem:683K-BM51-K0BB-S3B5-00000-00&pdcontentcomponentid=267708&pdproductcontenttypeid=urn:pct:170&pdiskwicview=false&pdpinpoint=&prid=c8f70373-9fba-4380-8463-e3671f91a333&ecomp=7g_ck,TRUE,https://jade.io/article/980859
https://plus.lexis.com/apac/document/documentlink/?pdmfid=1539278&crid=203fbd3a-aea5-4339-94ff-d09a86eb021e&pddocfullpath=%2Fshared%2Fdocument%2Fcases-au%2Furn:contentItem:6D8B-JTD3-MB3C-T278-00000-00&pdcontentcomponentid=267708&pdproductcontenttypeid=urn:pct:170&pdiskwicview=false&pdpinpoint=&prid=b4c3838a-5650-4e9a-802c-275c5c2ad1de&ecomp=7g_ck,TRUE,https://jade.io/article/1104840
https://plus.lexis.com/apac/document/documentlink/?pdmfid=1539278&crid=869b6172-7260-404e-a186-df3a9260d9c2&pddocfullpath=%2Fshared%2Fdocument%2Fcases-nz%2Furn:contentItem:5BF4-2J61-FBN1-24M8-00000-00&pdcontentcomponentid=274508&pdproductcontenttypeid=urn:pct:198&pdiskwicview=false&pdpinpoint=&prid=c2fcb2ce-f588-48aa-b035-7a3eb2c9fc07&ecomp=cgmdk,FALSE,NA: LexisNexis
https://plus.lexis.com/apac/document/documentlink/?pdmfid=1539278&crid=9b39c9d7-b689-41a1-b526-e38069dcd633&pddocfullpath=%2Fshared%2Fdocument%2Fcases-au%2Furn:contentItem:6DC9-W583-MHD8-S2F6-00000-00&pdcontentcomponentid=267708&pdproductcontenttypeid=urn:pct:170&pdiskwicview=false&pdpinpoint=&prid=3f976b77-4510-485f-b665-2e2088294fe0&ecomp=cg_ck,TRUE,https://jade.io/article/1106341
https://plus.lexis.com/apac/document/documentlink/?pdmfid=1539278&crid=b9d2ea0b-2365-461b-9fe2-8fe37f436b1b&pddocfullpath=%2Fshared%2Fdocument%2Fcases-au%2Furn:contentItem:5C7W-VJR1-JS0R-2007-00000-00&pdcontentcomponentid=267700&pdproductcontenttypeid=urn:pct:170&pdiskwicview=false&pdpinpoint=&prid=0c7732f8-78e6-4655-a770-354c897d6565&ecomp=cg_ck,FALSE,NA: LexisNexis
https://iclr-co-uk.ezproxy-az.sclqld.org.au/pubrefLookup/redirectTo?ref=1982+AC+768,FALSE,NA: ICLR
https://plus.lexis.com/apac/document/documentlink/?pdmfid=1539278&crid=e776bbd4-9c35-4076-ae16-a3b5d5de0b93&pddocfullpath=%2Fshared%2Fdocument%2Fcases-au%2Furn:contentItem:6DH5-CWP3-MC8F-H0D4-00000-00&pdcontentcomponentid=267708&pdproductcontenttypeid=urn:pct:170&pdiskwicview=false&pdpinpoint=&prid=035b2acd-32ed-48ba-8c9a-dda43acb1f52&ecomp=7g_ck,TRUE,https://jade.io/article/1109080
http://www6.austlii.edu.au/cgi-bin/LawCite?cit=%281988%29+37+A+Crim+R+131&party1=&party2=&court=&juris=&article=&author=&year1=&year2=&synonyms=on&filter=on&cases-cited=&legis-cited=&section=,TRUE,https://anzlaw.thomsonreuters.com/Link/Document/FullText?findType=Y&serNum=1988282905&pubNum=5341&originatingDoc=I3153fed0881111e8aca5bab3c9b3f468&refType=TG&originationContext=document&transitionType=DocumentItem&ppcid=719c756836b94ecba8635000890729f9&contextData=(sc.Default)&comp=wlau
https://plus.lexis.com/apac/document/onecase/?pdmfid=1539278&crid=9da87b0f-70d8-493b-a59f-edf4e5b5dde0&pddocfullpath=%2Fshared%2Fdocument%2Fcases-au%2Furn:contentItem:58Y4-8PY1-JS5Y-B0V6-00000-00&pdcontentcomponentid=267696&pdteaserkey=cr9&ecomp=J85k&earg=cr9&prid=04720bef-264a-4bd3-8561-6ce1af9f4e1a,FALSE,NA: LexisNexis
https://jccd.org.au/wp-content/uploads/2021/06/JCCD-Interpreter-Standards.pdf,FALSE,UNMAPPED; Accessible
https://jccd.org.au/wp-content/uploads/2022/05/JCDD-Recommended-National-Standards-for-Working-with-Interpreters-in-Courts-and-Tribunals-second-edition.pdf,FALSE,UNMAPPED; Accessible
https://plus.lexis.com/apac/document/?pdmfid=1539278&crid=e24070e0-9d12-45f6-a11f-ae3999147e16&pddocfullpath=%2Fshared%2Fdocument%2Fcases-au%2Furn:contentItem:58RB-VCM1-F016-S0S7-00000-00&pdcontentcomponentid=267716&pdteaserkey=&pdislpamode=false&ecomp=J85k&earg=sr0&prid=c231e89b-01ef-4a5f-aec1-1fa0f30465b8,FALSE,NA: Unreported
https://media.sclqld.org.au/documents/resources/etbb.pdf,FALSE,UNMAPPED; Accessible
https://plus.lexis.com/apac/document/?pdmfid=1539278&crid=f9dd6701-afc8-4daf-a774-c4f585ab1a0a&pddocfullpath=%2Fshared%2Fdocument%2Fcases-au%2Furn:contentItem:58XY-J3M1-F8KH-X48J-00000-00&pdcontentcomponentid=267716&pdteaserkey=&pdislpamode=false&pdworkfolderlocatorid=NOT_SAVED_IN_WORKFOLDER&ecomp=J85k&earg=sr0&prid=0e7da6b1-dba9-4ce3-93c3-4c82a735fba4,FALSE,NA: LexisNexis
https://plus.lexis.com/apac/document/?pdmfid=1539278&crid=b159a2e8-4912-45c8-a3b0-0ff1fc9a3e3a&pddocfullpath=%2Fshared%2Fdocument%2Fcases-au%2Furn:contentItem:58RJ-NDN1-JN6B-S1V3-00000-00&pdcontentcomponentid=267716&pdteaserkey=&pdislpamode=false&pdworkfolderlocatorid=NOT_SAVED_IN_WORKFOLDER&ecomp=485k&earg=sr0&prid=69b17c5e-93e0-443c-9c2b-25e6ff213453,FALSE,NA: LexisNexis
https://plus.lexis.com/apac/search/?pdmfid=1539278&crid=13fd7ab1-59b6-4b19-b570-4a9f9298493f&pdsearchterms=%5B1917%5D%20vlr%20155&pdtypeofsearch=searchboxclick&pdsearchtype=SearchBox&pdstartin=hlct:1:0&pdpsf=&pdqttype=and&pdquerytemplateid=&ecomp=c5cck&earg=pdsf&prid=f9dd6701-afc8-4daf-a774-c4f585ab1a0a,FALSE,NA: LexisNexis
https://plus.lexis.com/apac/search/?pdmfid=1539278&crid=148d609b-fd98-4d4c-bc20-36c43d2866ef&pdsearchterms=115%20sasr%20165&pdtypeofsearch=searchboxclick&pdsearchtype=SearchBox&pdstartin=hlct:1:0&pdpsf=&pdqttype=and&pdquerytemplateid=&ecomp=c59ck&earg=pdsf&prid=b159a2e8-4912-45c8-a3b0-0ff1fc9a3e3a,FALSE,NA: LexisNexis
https://plus.lexis.com/apac/search/?pdmfid=1539278&crid=2b8b07cd-9701-4fb4-96f5-56a21883533e&pdsearchterms=r%20v%20fak%20—%20(2016)%20263%20a%20crim%20r%20322;%20%5B2016%5D%20qca%20306;%20bc201609988&pdtypeofsearch=searchboxclick&pdsearchtype=SearchBox&pdstartin=hlct:1:0&pdpsf=&pdqttype=and&pdquerytemplateid=&ecomp=c5cck&earg=pdsf&prid=b237bd10-73d3-4638-8709-cecbd8ce4ccb,FALSE,NA: LexisNexis
https://plus.lexis.com/apac/search/?pdmfid=1539278&crid=33c7bd1f-be5d-4a04-9b18-6bd607925648&pdsearchterms=r%20v%20jones%20—%20(2011)%20209%20a%20crim%20r%20379;%20%5B2011%5D%20qca%20019;%20bc201100527&pdtypeofsearch=searchboxclick&pdsearchtype=SearchBox&pdstartin=hlct:1:0&pdpsf=&pdqttype=and&pdquerytemplateid=&ecomp=c5cck&earg=pdsf&prid=01af001a-7fe1-4086-ba75-59b9279eb7f5,FALSE,NA: LexisNexis
https://plus.lexis.com/apac/search/?pdmfid=1539278&crid=38419bb1-7cd9-4cd2-b407-0550ee1ad2bb&pdsearchterms=236%20CLR%20397&pdtypeofsearch=searchboxclick&pdsearchtype=SearchBox&pdstartin=hlct:1:0&pdpsf=&pdqttype=and&pdquerytemplateid=&ecomp=c59ck&earg=pdsf&prid=9e5c3825-0f5f-4a49-b2ae-3818a2781903,FALSE,NA: LexisNexis
https://plus.lexis.com/apac/search/?pdmfid=1539278&crid=43fd4be1-b141-4e28-94df-e4a004681401&pdsearchterms=209%20A%20CRIM%20R%20379&pdtypeofsearch=searchboxclick&pdsearchtype=SearchBox&pdstartin=hlct:1:0&pdpsf=&pdqttype=and&pdquerytemplateid=&ecomp=c5cck&earg=pdsf&prid=ab083301-00fd-41ee-a8a5-42648b05a346,FALSE,NA: LexisNexis
"https://plus.lexis.com/apac/search/?pdmfid=1539278&crid=4a8e37df-0efb-483a-9cd2-ac1664037e6a&pdsearchterms=%5B2024%5D%20qca%20134&pdtypeofsearch=searchboxclick&pdsearchtype=SearchBox&pdstartin=&pdpsf=&pdqttype=and&pdquerytemplateid=&pdsf=MTA3MjUyNQ~%5Ecases-au,cases-nz~%5ECaseBase%2520Cases&ecomp=6t7kk&earg=pdsf&prid=4dc42e62-60f2-4625-a6cd-2eedb91e0c4b",TRUE,https://jade.io/article/1084644
https://plus.lexis.com/apac/search/?pdmfid=1539278&crid=92ee33e8-2793-44ab-b398-4f874feadb05&pdsearchterms=%5B1979%5D%20war%20149&pdtypeofsearch=searchboxclick&pdsearchtype=SearchBox&pdstartin=hlct:1:0&pdpsf=&pdqttype=and&pdquerytemplateid=&ecomp=c5cck&earg=pdsf&prid=c4e5b282-0cfe-4b7b-8fd8-9a5a4a0a85b8,FALSE,NA: LexisNexis
https://plus.lexis.com/apac/search/?pdmfid=1539278&crid=9e5c3825-0f5f-4a49-b2ae-3818a2781903&pdsearchterms=236%20CLR%20397&pdtypeofsearch=searchboxclick&pdsearchtype=SearchBox&pdstartin=hlct:1:0&pdpsf=&pdqttype=and&pdquerytemplateid=&ecomp=c59ck&earg=pdsf&prid=9b39c9d7-b689-41a1-b526-e38069dcd633,FALSE,NA: LexisNexis
https://plus.lexis.com/apac/search/?pdmfid=1539278&crid=c0ea3d16-8e79-44f2-92a7-0db28d319b75&pdsearchterms=91%20a%20crim%20r%20590&pdtypeofsearch=searchboxclick&pdsearchtype=SearchBox&pdstartin=hlct:1:0&pdpsf=&pdqttype=and&pdquerytemplateid=&ecomp=c5cck&earg=pdsf&prid=40f14aeb-0df2-4a6b-84ac-6dbf99081639,FALSE,NA: LexisNexis
https://plus.lexis.com/apac/search/?pdmfid=1539278&crid=c792c7e4-1ea1-49fd-bdf2-d9a45b01c325&pdsearchterms=r%20v%20ely%20justices;%20ex%20parte%20burgess%20%E2%80%94%20%5B1993%5D%20cod%2021;%20%5B1992%5D%20crim%20lr%20888&pdtypeofsearch=searchboxclick&pdsearchtype=SearchBox&pdstartin=hlct:1:0&pdpsf=&pdqttype=and&pdquerytemplateid=&ecomp=c5cck&earg=pdsf&prid=67e32c3b-af69-430e-8c8d-daf2c9446653,FALSE,NA: LexisNexis
https://plus.lexis.com/apac/document/?pdmfid=1539278&crid=f3935eae-5a17-4dce-b82e-09c09817809b&pddocfullpath=%2Fshared%2Fdocument%2Fcases-au%2Furn:contentItem:58RJ-NKH1-F4GK-M1F1-00000-00&pdcontentcomponentid=267716&pdteaserkey=&pdislpamode=false&pdworkfolderlocatorid=NOT_SAVED_IN_WORKFOLDER&ecomp=J85k&earg=sr3&prid=191326e6-c490-4214-bb52-e8ad446fff5d,FALSE,NA: LexisNexis
https://supremecourt.nt.gov.au/__data/assets/pdf_file/0009/766161/NTSC-25-BLO1606-Mulhall-v-The-Queen-5-May.doc.pdf,FALSE,NA: SupremeCourtNT
https://plus.lexis.com/apac/document/?pdmfid=1539278&pddocfullpath=%2Fshared%2Fdocument%2Fanalytical-materials-au%2Furn:contentItem:58Y3-T851-JXNB-62S0-00000-00&pdtocnodeidentifier=AAFAADAADAACAAB&pdscrollreferenceid=null&pdisdocsliderrequired=true&crid=4544db43-def9-4fef-808c-f649c89f224c,FALSE,UNMAPPED; Inaccessible; Login Protected
https://plus.lexis.com/apac/document/documentlink/?pdmfid=1539278&crid=c4e5b282-0cfe-4b7b-8fd8-9a5a4a0a85b8&pddocfullpath=%2Fshared%2Fdocument%2Fcases-uk%2Furn:contentItem:4CRN-PP50-TWP1-603F-00000-00&pdcontentcomponentid=274668&pdproductcontenttypeid=urn:pct:285&pdiskwicview=false&pdpinpoint=&prid=af3378b0-732a-419e-9b1f-79c7be410bc8&ecomp=cgmdk,FALSE,NA: LexisNexis
https://plus.lexis.com/apac/document/onecase/?pdmfid=1539278&crid=87003b32-5bb4-4a06-aa53-25343c92c7cd&pddocfullpath=%2Fshared%2Fdocument%2Fcases-uk%2Furn:contentItem:4CSP-3KT0-TWP1-6076-00000-00&pdcontentcomponentid=274668&pdteaserkey=cr1&ecomp=g75k&earg=cr1&prid=76423a24-b384-4abc-ae62-ef0b18b0f17e,FALSE,NA: LexisNexis
https://uk.practicallaw.thomsonreuters.com/Document/I736EB1B0E42811DA8FC2A0F0355337E9/View/FullText.html?originationContext=document&transitionType=DocumentItem&ppcid=910ec35cae7d4799a842fd50b04aa7f4&contextData=(sc.Search)&comp=wluk,FALSE,NA: ThomsonReuters
https://plus.lexis.com/apac/document/onecase/?pdmfid=1539278&crid=dc6548a2-0362-4eac-b8e8-38124bd4b3d5&pddocfullpath=%2Fshared%2Fdocument%2Fcases-uk%2Furn:contentItem:4CSP-4J70-TWP1-61PN-00000-00&pdcontentcomponentid=274668&pdteaserkey=cr18&ecomp=485k&earg=cr18&prid=9a012630-2e18-4e3c-bdbe-56da7bee4cd5,FALSE,NA: LexisNexis
https://search.informit.org/toc/job/23/7,FALSE,UNMAPPED; Inaccessible; Login Protected
https://victorianreports.com.au/judgment/view/1967-VR-276,FALSE,NA: VR
https://victorianreports.com.au/judgment/view/1972-VR-305,FALSE,NA: VR
https://www8.austlii.edu.au/cgi-bin/viewdoc/au/cases/cth/HCA/1995/8.html,FALSE,NA: AUSTLII
https://twitter.com/DistCourtQLD,FALSE,UNMAPPED; Accessible
https://www.austlii.edu.au/cgi-bin/viewdoc/au/cases/cth/HCA/1978/9.html,TRUE,https://jade.io/article/66772
https://www.austlii.edu.au/cgi-bin/viewdoc/au/cases/cth/HCA/1981/46.html,TRUE,https://jade.io/article/66931
https://www.austlii.edu.au/cgi-bin/viewdoc/au/cases/cth/HCA/1992/13.html,TRUE,https://jade.io/article/67672
https://twitter.com/MagsCourtQLD,FALSE,UNMAPPED; Accessible
https://www.austlii.edu.au/cgi-bin/viewdoc/au/cases/sa/SASC/1997/6127.html?context=1;query=R%20v%20Sinclair;mask_path=au/cases/sa/SASC+au/cases/sa/SASCA+au/cases/sa/SASCFC+au/cases/sa/SACorC+au/cases/sa/SADC+au/cases/sa/SAERDC+au/cases/sa/SAET+au/cases/sa/SALC+au/cases/sa/SAPelhamRp+au/cases/sa/SAIRC+au/cases/sa/SAIndRp+au/cases/sa/SALawRp+au/cases/sa/SAStRp+au/cases/sa/SAWC+au/cases/sa/SACAT+au/cases/sa/SACHOSB+au/cases/sa/SACHOSBCP+au/cases/sa/SADB+au/cases/sa/SAEOT+au/cases/sa/SAHPT+au/cases/sa/SALGCmr+au/cases/sa/SAMB+au/cases/sa/SAPHB+au/cases/sa/SAPDB+au/cases/sa/SAIRComm+au/cases/sa/SADPCT+au/cases/sa/SAOmbFOI+au/cases/sa/SAPSB+au/cases/sa/SAPSBCP+au/cases/sa/SARTT+au/cases/sa/SARTTRP+au/cases/sa/SARTWPR+au/cases/sa/SARTWPRP+au/cases/sa/SAWLRP+au/cases/sa/SAWPRP+au/cases/sa/SAWCAT+au/cases/sa/SAWCT+au/cases/sa/SAWCRP,TRUE,https://jade.io/article/175071
https://twitter.com/SupremeCourtQLD,FALSE,UNMAPPED; Accessible
https://www.austlii.edu.au/cgi-bin/viewdoc/au/cases/wa/WASCA/2009/71.html?context=1;query=%5B2009%5D%20WASCA%2071;mask_path=,TRUE,https://jade.io/article/91890
https://www.bailii.org/ew/cases/EWCA/Crim/1967/1.html,FALSE,NA: BAILII
https://www.bailii.org/ew/cases/EWCA/Crim/2010/1623.html,FALSE,NA: BAILII
https://www.bailii.org/uk/cases/UKHL/2005/12.html,FALSE,NA: BAILII
https://uk.westlaw.com/Document/IE7923270BB5311DCB80092A59D721F81/View/FullText.html?navigationPath=Search%2Fv1%2Fresults%2Fnavigation%2Fi0a89c86c00000196a7d0e282c19a1db9%3Fppcid%3Da731d937cedc438e961f6eac02bd9b93%26Nav%3DUK-CASES-PUBLICATION%26fragmentIdentifier%3DIE7923270BB5311DCB80092A59D721F81%26parentRank%3D0%26startIndex%3D1%26contextData%3D%2528sc.Default%2529%26transitionType%3DSearchItem&listSource=Search&listPageSource=a9e64b2bdf7769c758abb662c22c6fe2&list=UK-CASES-PUBLICATION&rank=5&sessionScopeId=ef5bec4d49be7d853d541bc4370be6aea6c6523a2de2f2e6945d0dfb4e629e7f&ppcid=a731d937cedc438e961f6eac02bd9b93&originationContext=Search%20Result&transitionType=SearchItem&contextData=(sc.Default)&navId=0A280184608885EA5AE7F1E3B525A428&comp=wluk,FALSE,NA: ThomsonReuters
https://uk.westlaw.com/Document/IE80B0BF0BB5311DCB80092A59D721F81/View/FullText.html?navigationPath=Search%2Fv1%2Fresults%2Fnavigation%2Fi0a89c86c00000196a7d1f1b4c19a28d8%3Fppcid%3Dabd5716fa3ba48099be6a2fc371b2b5d%26Nav%3DUK-CASES-PUBLICATION%26fragmentIdentifier%3DIE80B0BF0BB5311DCB80092A59D721F81%26parentRank%3D0%26startIndex%3D1%26contextData%3D%2528sc.Default%2529%26transitionType%3DSearchItem&listSource=Search&listPageSource=76aef98634104aff4e7427830bdf244d&list=UK-CASES-PUBLICATION&rank=4&sessionScopeId=ef5bec4d49be7d853d541bc4370be6aea6c6523a2de2f2e6945d0dfb4e629e7f&ppcid=abd5716fa3ba48099be6a2fc371b2b5d&originationContext=Search%20Result&transitionType=SearchItem&contextData=(sc.Default)&comp=wluk&navId=01279A382D49E43D7A18CD89449720EF,FALSE,NA: ThomsonReuters
https://www.ag.gov.au/crime/publications/commonwealth-criminal-code-guide-practitioners-draft/part-22-elements-offence,FALSE,UNMAPPED; Accessible
https://www.austlii.edu.au/cgi-bin/viewdoc/au/cases/nsw/NSWStRp/1928/9.html,FALSE,NA: AUSTLII
https://www.caselaw.nsw.gov.au/decision/549fd5973004262463bf2289,FALSE,NA: CaselawNSW
https://www.caselaw.nsw.gov.au/decision/56737c8ee4b05f2c4f04a2e7,FALSE,NA: CaselawNSW
https://www.austlii.edu.au/cgi-bin/viewdoc/au/cases/vic/VicSC/1979/619.html?context=1;query=Gouroff;mask_path=au/cases/vic/VSC+au/cases/vic/VicSC+au/cases/vic/VSCA+au/cases/vic/VicCorC+au/cases/vic/VCC+au/cases/vic/VMC+au/cases/vic/VicRp+au/cases/vic/VicLawRp+au/cases/vic/VicLawTLegO+au/cases/vic/VicWABWRp+au/cases/vic/VicWWABRp+au/cases/vic/VicWWRp+au/cases/vic/VicAATRp+au/cases/vic/VBAB+au/cases/vic/VDPB+au/cases/vic/VHerCl+au/cases/vic/VMPB+au/cases/vic/VMPBPSP+au/cases/vic/VPrivCmr+au/cases/vic/VPYRB+au/cases/vic/VicPABRp+au/cases/vic/PPV+au/cases/vic/VPSRB+au/cases/vic/VCAT+au/cases/vic/VICCAT+au/cases/vic/VADT+au/cases/vic/VCGLR+au/cases/vic/VDBT+au/cases/vic/VICmr+au/cases/vic/VLSC+au/cases/vic/VLPT+au/cases/vic/VMHRB+au/cases/vic/VMHT+au/cases/vic/VicPRp+au/cases/vic/VRAT+au/legis/vic/consol_act+au/legis/vic/num_act+au/legis/vic/hist_act+au/legis/vic/reprint_act+au/legis/vic/anglican+au/legis/vic/repealed_act+au/legis/vic/consol_reg+au/legis/vic/consol_reg+au/legis/vic/num_reg+au/legis/vic/reprint_reg+au/legis/vic/repealed_reg+au/legis/vic/bill+au/legis/vic/bill_em+au/other/VicBillsRR+au/other/vic_gazette+au/other/VicOmbPRp+au/other/VicSARCAD+au/other/rulings/vicsro/VICSROBF+au/other/rulings/vicsro/VICSRODT+au/other/rulings/vicsro/VICSRODA+au/other/rulings/vicsro/VICSROFHOG+au/other/rulings/vicsro/VICSROFID+au/other/rulings/vicsro/VICSROGEN+au/other/rulings/vicsro/VICSROLT+au/other/rulings/vicsro/VICSROLTA+au/other/rulings/vicsro/VICSROPT+au/other/rulings/vicsro/VICSROPTA+au/other/rulings/vicsro/VICSROSD+au/other/rulings/vicsro/VICSROTAA,FALSE,UNMAPPED; Accessible
https://www.canlii.org/en/ca/scc/doc/1998/1998canlii789/1998canlii789.html,FALSE,NA: CANLII
https://www.caselaw.nsw.gov.au/decision/549f99cb3004262463b0ffc8,FALSE,NA: CaselawNSW
https://www.caselaw.nsw.gov.au/decision/549f9b7d3004262463b18074,FALSE,NA: CaselawNSW
https://www.caselaw.nsw.gov.au/decision/549fa8ff3004262463b593e5,FALSE,NA: CaselawNSW
https://www.courts.qld.gov.au/__data/assets/pdf_file/0004/225553/sc-pd-8of2014.pdf,FALSE,UNMAPPED; Accessible
https://www.hcourt.gov.au/sites/default/files/eresources/1952/HCA/3.pdf,FALSE,NA: HCOURT
https://www.hcourt.gov.au/sites/default/files/eresources/2000/HCA/28.pdf,FALSE,NA: HCOURT
https://www.hcourt.gov.au/sites/default/files/eresources/2000/HCA/3.pdf,FALSE,NA: HCOURT
https://www.hcourt.gov.au/sites/default/files/eresources/2000/HCA/60.pdf,FALSE,NA: HCOURT
https://www.hcourt.gov.au/sites/default/files/eresources/2001/HCA/25.pdf,FALSE,NA: HCOURT
https://www.hcourt.gov.au/sites/default/files/eresources/2002/HCA/12.pdf,FALSE,NA: HCOURT
https://www.hcourt.gov.au/sites/default/files/eresources/2002/HCA/20.pdf,FALSE,NA: HCOURT
https://www.hcourt.gov.au/sites/default/files/eresources/2002/HCA/25.pdf,FALSE,NA: HCOURT
https://www.hcourt.gov.au/sites/default/files/eresources/2002/HCA/26.pdf,FALSE,NA: HCOURT
https://www.hcourt.gov.au/sites/default/files/eresources/2002/HCA/33.pdf,FALSE,NA: HCOURT
https://www.hcourt.gov.au/sites/default/files/eresources/2003/HCA/29.pdf,FALSE,NA: HCOURT
https://www.hcourt.gov.au/sites/default/files/eresources/2003/HCA/40.pdf,FALSE,NA: HCOURT
https://www.hcourt.gov.au/sites/default/files/eresources/2005/HCA/34.pdf,FALSE,NA: HCOURT
https://www.hcourt.gov.au/sites/default/files/eresources/2005/HCA/65.pdf,FALSE,NA: HCOURT
https://www.hcourt.gov.au/sites/default/files/eresources/2006/HCA/4.pdf,FALSE,NA: HCOURT
https://www.hcourt.gov.au/sites/default/files/eresources/2007/HCA/55.pdf,FALSE,NA: HCOURT
https://www.hcourt.gov.au/sites/default/files/eresources/2007/HCA/59.pdf,FALSE,NA: HCOURT
https://www.hcourt.gov.au/sites/default/files/eresources/2008/HCA/16.pdf,FALSE,NA: HCOURT
https://www.hcourt.gov.au/sites/default/files/eresources/2009/HCA/53.pdf,FALSE,NA: HCOURT
https://www.hcourt.gov.au/sites/default/files/eresources/2011/HCA/12.pdf,FALSE,NA: HCOURT
https://www.hcourt.gov.au/sites/default/files/eresources/2015/HCA/27.pdf,FALSE,NA: HCOURT
https://www.hcourt.gov.au/sites/default/files/eresources/2016/HCA/12.pdf,FALSE,NA: HCOURT
https://www.hcourt.gov.au/sites/default/files/eresources/2016/HCA/14.pdf,FALSE,NA: HCOURT
https://www.hcourt.gov.au/sites/default/files/eresources/2016/HCA/35.pdf,FALSE,NA: HCOURT
https://www.hcourt.gov.au/sites/default/files/eresources/2017/HCA/17.pdf,FALSE,NA: HCOURT
https://www.hcourt.gov.au/sites/default/files/eresources/2017/HCA/20.pdf,FALSE,NA: HCOURT
https://www.hcourt.gov.au/sites/default/files/eresources/2017/HCA/36.pdf,FALSE,NA: HCOURT
https://www.hcourt.gov.au/sites/default/files/eresources/2018/HCA/40.pdf,FALSE,NA: HCOURT
https://www.hcourt.gov.au/sites/default/files/eresources/2018/HCA/8.pdf,FALSE,NA: HCOURT
https://www.hcourt.gov.au/sites/default/files/eresources/2019/HCA/10.pdf,FALSE,NA: HCOURT
https://www.hcourt.gov.au/sites/default/files/eresources/2019/HCA/48.pdf,FALSE,NA: HCOURT
https://www.hcourt.gov.au/sites/default/files/eresources/2020/HCA/11.pdf,FALSE,NA: HCOURT
https://www.hcourt.gov.au/sites/default/files/eresources/2020/HCA/23.pdf,FALSE,NA: HCOURT
https://www.hcourt.gov.au/sites/default/files/eresources/2021/HCA/12.pdf,FALSE,NA: HCOURT
https://www.hcourt.gov.au/sites/default/files/eresources/2021/HCA/36.pdf,FALSE,NA: HCOURT
https://www.hcourt.gov.au/sites/default/files/eresources/2023/HCA/16.pdf,FALSE,NA: HCOURT
https://www.hcourt.gov.au/sites/default/files/eresources/2024/HCA/15.pdf,FALSE,NA: HCOURT
https://www.hcourt.gov.au/sites/default/files/eresources/2025-10-16/HCA/Palmer%20v%20R%20%28M41-1997%29%20%5B1998%5D%20HCA%202.pdf,FALSE,NA: HCOURT
https://www.hcourt.gov.au/sites/default/files/eresources/2025-10-16/HCA/Peters%20v%20R%20%28M6-97%29%20%5B1998%5D%20HCA%207.pdf,FALSE,NA: HCOURT
https://www.hcourt.gov.au/sites/default/files/eresources/2025-10-23/HCA/Gipp%20v%20The%20Queen%20%28B4-1998%29%20%5B1998%5D%20HCA%2021.pdf,FALSE,NA: HCOURT
https://www.hcourt.gov.au/sites/default/files/eresources/2025-10-23/HCA/Penney%20v%20The%20Queen%20%28A66-1997%29%20%5B1998%5D%20HCA%2051.pdf,FALSE,NA: HCOURT
https://www.hcourt.gov.au/sites/default/files/eresources/2025-10-30/HCA/Melbourne%20v%20The%20Queen%20%28D10-1998%29%20%5B1999%5D%20HCA%2032.pdf,FALSE,NA: HCOURT
https://www.hcourt.gov.au/sites/default/files/eresources/2025-10-30/HCA/Robinson%20v%20The%20Queen%20%28B59-1998%29%20%5B1999%5D%20HCA%2042.pdf,FALSE,NA: HCOURT
https://www.hcourt.gov.au/sites/default/files/eresources/2025-10-30/HCA/Wu%20v%20The%20Queen%20%28S22-1999%29%20%5B1999%5D%20HCA%2052.pdf,FALSE,NA: HCOURT
https://www.iclr.co.uk/document/1881000524/casereport_15222/html,FALSE,NA: ICLR
https://www.iclr.co.uk/document/1890234871/casereport_45359/html,FALSE,NA: ICLR
https://www.iclr.co.uk/document/1950030987/casereport_84136/html,FALSE,NA: ICLR
https://www.iclr.co.uk/document/1950033169/casereport_22502/html,FALSE,NA: ICLR
https://www.iclr.co.uk/document/1950033178/casereport_77524/html,FALSE,NA: ICLR
https://www.iclr.co.uk/document/1950034427/casereport_53546/html,FALSE,NA: ICLR
https://www.iclr.co.uk/document/1961002905/casereport_56182/html,FALSE,NA: ICLR
https://www.iclr.co.uk/document/1961003844/casereport_88514/html,FALSE,NA: ICLR
https://www.iclr.co.uk/document/1961003884/casereport_47981/html,FALSE,NA: ICLR
https://www.iclr.co.uk/document/1961003902/casereport_26627/html,FALSE,NA: ICLR
https://www.iclr.co.uk/document/1961003961/casereport_53167/html,FALSE,NA: ICLR
https://www.iclr.co.uk/document/1961003974/casereport_26247/html,FALSE,NA: ICLR
https://www.iclr.co.uk/document/1961004016/casereport_61548/html,FALSE,NA: ICLR
https://www.iclr.co.uk/document/1961004032/casereport_77794/html,FALSE,NA: ICLR
https://www.iclr.co.uk/document/1961006908/casereport_12850/html,FALSE,NA: ICLR
https://www.iclr.co.uk/document/1971002945/casereport_43533/html,FALSE,NA: ICLR
https://www.iclr.co.uk/document/1971004381/casereport_1700/html,FALSE,NA: ICLR
https://www.iclr.co.uk/document/1971004555/casereport_45849/html,FALSE,NA: ICLR
https://www.iclr.co.uk/document/1971004959/casereport_16268/html,FALSE,NA: ICLR
https://www.iclr.co.uk/document/1971005032/casereport_38165/html,FALSE,NA: ICLR
https://www.iclr.co.uk/document/1971006226/casereport_37021/html,FALSE,NA: ICLR
https://www.iclr.co.uk/document/1981004518/casereport_75793/html,FALSE,NA: ICLR
https://www.iclr.co.uk/document/1991001824/casereport_15468/html,FALSE,NA: ICLR
https://www.iclr.co.uk/document/1991003518/casereport_82312/html,FALSE,NA: ICLR
https://www.iclr.co.uk/document/1991003764/casereport_27169/html,FALSE,NA: ICLR
https://www.iclr.co.uk/document/2011000367/casereport_44023/html,FALSE,NA: ICLR
https://www-iclr-co-uk.ezproxy-az.sclqld.org.au/document/1961004150/casereport_88904/html,FALSE,NA: ICLR
https://www.courts.qld.gov.au/__data/assets/pdf_file/0004/789223/scpd-04-of-2024.pdf,FALSE,UNMAPPED; Accessible
https://www.courts.qld.gov.au/__data/assets/pdf_file/0005/295988/dc-pd-10of2014.pdf,FALSE,UNMAPPED; Accessible
https://www.courts.qld.gov.au/__data/assets/pdf_file/0020/262271/sc-pd-17of2014.pdf,FALSE,UNMAPPED; Accessible
https://www.courts.qld.gov.au/newsroom/contact-us/media,FALSE,UNMAPPED; Accessible
https://www.legislation.gov.au/C1958A00062/latest/text,FALSE,NA: Legislation
https://www.legislation.gov.au/C2004A04868/latest/text,FALSE,NA: Legislation
https://www.courts.qld.gov.au/newsroom/social-media,FALSE,UNMAPPED; Accessible
https://www.legislation.qld.gov.au/view/html/1997-06-30/act-1899-009,FALSE,NA: Legislation
https://www.legislation.qld.gov.au/view/html/2008-11-30/act-1899-009,FALSE,NA: Legislation
https://www.legislation.qld.gov.au/view/html/2013-04-28/act-1899-009,FALSE,NA: Legislation
https://www.legislation.qld.gov.au/view/html/2016-09-22/act-1899-009,FALSE,NA: Legislation
https://www.legislation.qld.gov.au/view/html/2023-03-22/act-1899-009,FALSE,NA: Legislation
https://www.legislation.qld.gov.au/view/html/2024-09-22/act-1899-009,FALSE,NA: Legislation
https://www.legislation.qld.gov.au/view/html/asmade/act-2024-005,FALSE,NA: Legislation
https://www.legislation.qld.gov.au/view/html/inforce/2000-09-28/act-1899-009,FALSE,NA: Legislation
https://www.legislation.qld.gov.au/view/html/inforce/2023-03-22/act-1899-009,FALSE,NA: Legislation
https://www.legislation.qld.gov.au/view/html/inforce/2023-12-01/act-1899-009,FALSE,NA: Legislation
https://www.legislation.qld.gov.au/view/html/inforce/2024-08-30/act-1899-009,FALSE,NA: Legislation
https://www.legislation.qld.gov.au/view/html/inforce/current/act-1867-012,FALSE,NA: Legislation
https://www.judcom.nsw.gov.au/publications/benchbks/criminal/index.html,FALSE,UNMAPPED; Accessible
https://www.legislation.qld.gov.au/view/html/inforce/current/act-1954-003,FALSE,NA: Legislation
https://www.judcom.nsw.gov.au/publications/benchbks/criminal/witnesses_cultural_linguistic_factors.html,FALSE,UNMAPPED; Accessible
https://www.legislation.qld.gov.au/view/html/inforce/current/act-1986-036,FALSE,NA: Legislation
https://www.legislation.qld.gov.au/view/html/inforce/current/act-1992-044,FALSE,NA: Legislation
https://www.judcom.nsw.gov.au/publications/benchbks/equality/section02.html,FALSE,UNMAPPED; Accessible
https://www.legislation.qld.gov.au/view/html/inforce/current/act-1995-042,FALSE,NA: Legislation
https://www.legislation.qld.gov.au/view/html/inforce/current/act-2000-005,FALSE,NA: Legislation
https://www.legislation.qld.gov.au/view/html/inforce/current/act-2012-005,FALSE,NA: Legislation
https://www.legislation.qld.gov.au/view/html/inforce/current/act-2016-005,FALSE,NA: Legislation
https://www.judcom.nsw.gov.au/publications/benchbks/equality/section03.html,FALSE,UNMAPPED; Accessible
https://www.legislation.gov.au/C2004A04868/latest/text/2,FALSE,NA: Legislation
https://www.legislation.qld.gov.au/view/whole/html/inforce/current/act-1977-047,FALSE,NA: Legislation
https://www.legislation.qld.gov.au/view/html/inforce/current/act-1899-009,FALSE,NA: Legislation
https://www.nzlii.org/nz/cases/NZCA/1990/522.html,FALSE,NA: NZLII
https://www.nzlii.org/nz/cases/NZCA/1995/732.html,FALSE,NA: NZLII
https://www.legislation.qld.gov.au/view/html/inforce/current/act-1977-047,FALSE,NA: Legislation
https://www.queenslandjudgments.com.au/case-download/id/306661,FALSE,NA: QR
https://www.queenslandjudgments.com.au/case-download/id/321443,FALSE,NA: QR
https://www.queenslandjudgments.com.au/case-download/id/500691,FALSE,NA: QR
https://www.queenslandjudgments.com.au/case-download/id/503393,FALSE,NA: QR
https://www.queenslandjudgments.com.au/case-download/id/503482,FALSE,NA: QR
https://www.queenslandjudgments.com.au/case-download/id/506537,FALSE,NA: QR
https://www.queenslandjudgments.com.au/case-download/id/506695,FALSE,NA: QR
https://www.queenslandjudgments.com.au/case-download/id/507234,FALSE,NA: QR
https://www.queenslandjudgments.com.au/case-download/id/507783,FALSE,NA: QR
https://www.queenslandjudgments.com.au/case-download/id/512536,FALSE,NA: QR
https://www.queenslandjudgments.com.au/case-download/id/512574,FALSE,NA: QR
https://www.queenslandjudgments.com.au/case-download/id/61907,FALSE,NA: QR
https://www.queenslandjudgments.com.au/case-download/id/61959,FALSE,NA: QR
https://www.queenslandjudgments.com.au/case-download/id/63976,FALSE,NA: QR
https://www.queenslandjudgments.com.au/case-download/id/70562,FALSE,NA: QR
https://www.queenslandjudgments.com.au/case-download/id/78402,FALSE,NA: QR
https://www.queenslandjudgments.com.au/case-download/id/82080,FALSE,NA: QR
https://www.queenslandjudgments.com.au/case-download/id/88907,FALSE,NA: QR
https://www.queenslandjudgments.com.au/case-download/id/90625,FALSE,NA: QR
https://www.queenslandjudgments.com.au/case/id/500019,FALSE,NA: QR
https://www.queenslandjudgments.com.au/case/id/500054,FALSE,NA: QR
https://www.queenslandjudgments.com.au/case/id/500364,FALSE,NA: QR
https://www.queenslandjudgments.com.au/case/id/500448,FALSE,NA: QR
https://www.queenslandjudgments.com.au/case/id/500459,FALSE,NA: QR
https://www.queenslandjudgments.com.au/case/id/500604,FALSE,NA: QR
https://www.queenslandjudgments.com.au/case/id/500638,FALSE,NA: QR
https://www.queenslandjudgments.com.au/case/id/500750,FALSE,NA: QR
https://www.queenslandjudgments.com.au/case/id/500790,FALSE,NA: QR
https://www.queenslandjudgments.com.au/case/id/501055,FALSE,NA: QR
https://www.queenslandjudgments.com.au/case/id/501061,FALSE,NA: QR
https://www.queenslandjudgments.com.au/case/id/501169,FALSE,NA: QR
https://www.queenslandjudgments.com.au/case/id/501179,FALSE,NA: QR
https://www.queenslandjudgments.com.au/case/id/501354,FALSE,NA: QR
https://www.queenslandjudgments.com.au/case/id/501358,FALSE,NA: QR
https://www.queenslandjudgments.com.au/case/id/501572,FALSE,NA: QR
https://www.queenslandjudgments.com.au/case/id/501598,FALSE,NA: QR
https://www.queenslandjudgments.com.au/case/id/501617,FALSE,NA: QR
https://www.queenslandjudgments.com.au/case/id/501625,FALSE,NA: QR
https://www.queenslandjudgments.com.au/case/id/501853,FALSE,NA: QR
https://www.queenslandjudgments.com.au/case/id/501925,FALSE,NA: QR
https://www.queenslandjudgments.com.au/case/id/502013,FALSE,NA: QR
https://www.queenslandjudgments.com.au/case/id/502345,FALSE,NA: QR
https://www.queenslandjudgments.com.au/case/id/502372,FALSE,NA: QR
https://www.queenslandjudgments.com.au/case/id/502399,FALSE,NA: QR
https://www.queenslandjudgments.com.au/case/id/502738,FALSE,NA: QR
https://www.queenslandjudgments.com.au/case/id/502789,FALSE,NA: QR
https://www.queenslandjudgments.com.au/case/id/502794,FALSE,NA: QR
https://www.queenslandjudgments.com.au/case/id/502822,FALSE,NA: QR
https://www.queenslandjudgments.com.au/case/id/502917,FALSE,NA: QR
https://www.queenslandjudgments.com.au/case/id/502988,FALSE,NA: QR
https://www.queenslandjudgments.com.au/case/id/503087,FALSE,NA: QR
https://www.queenslandjudgments.com.au/case/id/503098,FALSE,NA: QR
https://www.queenslandjudgments.com.au/case/id/503201,FALSE,NA: QR
https://www.queenslandjudgments.com.au/case/id/503252,FALSE,NA: QR
https://www.queenslandjudgments.com.au/case/id/503287,FALSE,NA: QR
https://www.queenslandjudgments.com.au/case/id/503296,FALSE,NA: QR
https://www.queenslandjudgments.com.au/case/id/503360,FALSE,NA: QR
https://www.queenslandjudgments.com.au/case/id/503384,FALSE,NA: QR
https://www.queenslandjudgments.com.au/case/id/503482,FALSE,NA: QR
https://www.queenslandjudgments.com.au/case/id/503514,FALSE,NA: QR
https://www.queenslandjudgments.com.au/case/id/503676,FALSE,NA: QR
https://www.queenslandjudgments.com.au/case/id/503812,FALSE,NA: QR
https://www.queenslandjudgments.com.au/case/id/503902,FALSE,NA: QR
https://www.queenslandjudgments.com.au/case/id/503928,FALSE,NA: QR
https://www.queenslandjudgments.com.au/case/id/504098,FALSE,NA: QR
https://www.queenslandjudgments.com.au/case/id/504123,FALSE,NA: QR
https://www.queenslandjudgments.com.au/case/id/504218,FALSE,NA: QR
https://www.queenslandjudgments.com.au/case/id/504270,FALSE,NA: QR
https://www.queenslandjudgments.com.au/case/id/504316,FALSE,NA: QR
https://www.queenslandjudgments.com.au/case/id/504344,FALSE,NA: QR
https://www.queenslandjudgments.com.au/case/id/504349,FALSE,NA: QR
https://www.queenslandjudgments.com.au/case/id/504540,FALSE,NA: QR
https://www.queenslandjudgments.com.au/case/id/504771,FALSE,NA: QR
https://www.queenslandjudgments.com.au/case/id/504782,FALSE,NA: QR
https://www.queenslandjudgments.com.au/case/id/504799,FALSE,NA: QR
https://www.queenslandjudgments.com.au/case/id/504876,FALSE,NA: QR
https://www.queenslandjudgments.com.au/case/id/505083,FALSE,NA: QR
https://www.queenslandjudgments.com.au/case/id/505298,FALSE,NA: QR
https://www.queenslandjudgments.com.au/case/id/505370,FALSE,NA: QR
https://www.queenslandjudgments.com.au/case/id/505428,FALSE,NA: QR
https://www.queenslandjudgments.com.au/case/id/505490,FALSE,NA: QR
https://www.queenslandjudgments.com.au/case/id/505506,FALSE,NA: QR
https://www.queenslandjudgments.com.au/case/id/505512,FALSE,NA: QR
https://www.queenslandjudgments.com.au/case/id/505513,FALSE,NA: QR
https://www.queenslandjudgments.com.au/case/id/505615,FALSE,NA: QR
https://www.queenslandjudgments.com.au/case/id/505695,FALSE,NA: QR
https://www.queenslandjudgments.com.au/case/id/505771,FALSE,NA: QR
https://www.queenslandjudgments.com.au/case/id/505823,FALSE,NA: QR
https://www.queenslandjudgments.com.au/case/id/505986,FALSE,NA: QR
https://www.queenslandjudgments.com.au/case/id/506152,FALSE,NA: QR
https://www.queenslandjudgments.com.au/case/id/506288,FALSE,NA: QR
https://www.queenslandjudgments.com.au/case/id/506364,FALSE,NA: QR
https://www.queenslandjudgments.com.au/case/id/506462,FALSE,NA: QR
https://www.queenslandjudgments.com.au/case/id/506470,FALSE,NA: QR
https://www.queenslandjudgments.com.au/case/id/506499,FALSE,NA: QR
https://www.queenslandjudgments.com.au/case/id/506638,FALSE,NA: QR
https://www.queenslandjudgments.com.au/case/id/506657,FALSE,NA: QR
https://www.queenslandjudgments.com.au/case/id/506695,FALSE,NA: QR
https://www.queenslandjudgments.com.au/case/id/506716,FALSE,NA: QR
https://www.queenslandjudgments.com.au/case/id/506721,FALSE,NA: QR
https://www.queenslandjudgments.com.au/case/id/506735,FALSE,NA: QR
https://www.queenslandjudgments.com.au/case/id/506760,FALSE,NA: QR
https://www.queenslandjudgments.com.au/case/id/506824,FALSE,NA: QR
https://www.queenslandjudgments.com.au/case/id/506860,FALSE,NA: QR
https://www.queenslandjudgments.com.au/case/id/507020,FALSE,NA: QR
https://www.queenslandjudgments.com.au/case/id/507134,FALSE,NA: QR
https://www.queenslandjudgments.com.au/case/id/507234,FALSE,NA: QR
https://www.queenslandjudgments.com.au/case/id/507257,FALSE,NA: QR
https://www.queenslandjudgments.com.au/case/id/507343,FALSE,NA: QR
https://www.queenslandjudgments.com.au/case/id/507386,FALSE,NA: QR
https://www.queenslandjudgments.com.au/case/id/507584,FALSE,NA: QR
https://www.queenslandjudgments.com.au/case/id/507584?mview=%5B1996%5D%202%20qd%20r%20326%7C&u=,FALSE,NA: QR
https://www.queenslandjudgments.com.au/case/id/507662,FALSE,NA: QR
https://www.queenslandjudgments.com.au/case/id/507709,FALSE,NA: QR
https://www.queenslandjudgments.com.au/case/id/507808,FALSE,NA: QR
https://www.queenslandjudgments.com.au/case/id/507819,FALSE,NA: QR
https://www.queenslandjudgments.com.au/case/id/507897,FALSE,NA: QR
https://www.queenslandjudgments.com.au/case/id/507907,FALSE,NA: QR
https://www.queenslandjudgments.com.au/case/id/507913,FALSE,NA: QR
https://www.queenslandjudgments.com.au/case/id/508000,FALSE,NA: QR
https://www.queenslandjudgments.com.au/case/id/508044,FALSE,NA: QR
https://www.queenslandjudgments.com.au/case/id/508133,FALSE,NA: QR
https://www.queenslandjudgments.com.au/case/id/508269,FALSE,NA: QR
https://www.queenslandjudgments.com.au/case/id/508298,FALSE,NA: QR
https://www.queenslandjudgments.com.au/case/id/508542,FALSE,NA: QR
https://www.queenslandjudgments.com.au/case/id/508772,FALSE,NA: QR
https://www.queenslandjudgments.com.au/case/id/508804,FALSE,NA: QR
https://www.queenslandjudgments.com.au/case/id/508823,FALSE,NA: QR
https://www.queenslandjudgments.com.au/case/id/508885,FALSE,NA: QR
https://www.queenslandjudgments.com.au/case/id/508913,FALSE,NA: QR
https://www.queenslandjudgments.com.au/case/id/508944,FALSE,NA: QR
https://www.queenslandjudgments.com.au/case/id/509302,FALSE,NA: QR
https://www.queenslandjudgments.com.au/case/id/509432,FALSE,NA: QR
https://www.queenslandjudgments.com.au/case/id/509821,FALSE,NA: QR
https://www.queenslandjudgments.com.au/case/id/509981,FALSE,NA: QR
https://www.queenslandjudgments.com.au/case/id/510000,FALSE,NA: QR
https://www.queenslandjudgments.com.au/case/id/510188,FALSE,NA: QR
https://www.queenslandjudgments.com.au/case/id/510223,FALSE,NA: QR
https://www.queenslandjudgments.com.au/case/id/510317,FALSE,NA: QR
https://www.queenslandjudgments.com.au/case/id/510430,FALSE,NA: QR
https://www.queenslandjudgments.com.au/case/id/510527,FALSE,NA: QR
https://www.queenslandjudgments.com.au/case/id/510607,FALSE,NA: QR
https://www.queenslandjudgments.com.au/case/id/510669,FALSE,NA: QR
https://www.queenslandjudgments.com.au/case/id/510776,FALSE,NA: QR
https://www.queenslandjudgments.com.au/case/id/510813,FALSE,NA: QR
https://www.queenslandjudgments.com.au/case/id/510878,FALSE,NA: QR
https://www.queenslandjudgments.com.au/case/id/511027,FALSE,NA: QR
https://www.queenslandjudgments.com.au/case/id/511033,FALSE,NA: QR
https://www.queenslandjudgments.com.au/case/id/511122,FALSE,NA: QR
https://www.queenslandjudgments.com.au/case/id/511137,FALSE,NA: QR
https://www.queenslandjudgments.com.au/case/id/511149,FALSE,NA: QR
https://www.queenslandjudgments.com.au/case/id/511177,FALSE,NA: QR
https://www.queenslandjudgments.com.au/case/id/511325,FALSE,NA: QR
https://www.queenslandjudgments.com.au/case/id/511341,FALSE,NA: QR
https://www.queenslandjudgments.com.au/case/id/511423,FALSE,NA: QR
https://www.queenslandjudgments.com.au/case/id/511449,FALSE,NA: QR
https://www.queenslandjudgments.com.au/case/id/511458,FALSE,NA: QR
https://www.queenslandjudgments.com.au/case/id/511736,FALSE,NA: QR
https://www.queenslandjudgments.com.au/case/id/511826,FALSE,NA: QR
https://www.queenslandjudgments.com.au/case/id/511983,FALSE,NA: QR
https://www.queenslandjudgments.com.au/case/id/512083,FALSE,NA: QR
https://www.queenslandjudgments.com.au/case/id/512124,FALSE,NA: QR
https://www.queenslandjudgments.com.au/case/id/512260,FALSE,NA: QR
https://www.queenslandjudgments.com.au/case/id/512279,FALSE,NA: QR
https://www.queenslandjudgments.com.au/case/id/512469,FALSE,NA: QR
https://www.queenslandjudgments.com.au/case/id/512478,FALSE,NA: QR
https://www.queenslandjudgments.com.au/case/id/512488,FALSE,NA: QR
https://www.queenslandjudgments.com.au/case/id/512574,FALSE,NA: QR
https://www.queenslandjudgments.com.au/case/id/512617,FALSE,NA: QR
https://www.queenslandjudgments.com.au/case/id/512647,FALSE,NA: QR
https://www.queenslandjudgments.com.au/case/id/512671,FALSE,NA: QR
https://www.queenslandjudgments.com.au/case/id/512691,FALSE,NA: QR
https://www.queenslandjudgments.com.au/case/id/512717,FALSE,NA: QR
https://www.queenslandjudgments.com.au/case/id/512733,FALSE,NA: QR
https://www.queenslandjudgments.com.au/case/id/512741,FALSE,NA: QR
https://www.queenslandjudgments.com.au/case/id/512743,FALSE,NA: QR
https://www.queenslandjudgments.com.au/case/id/512756,FALSE,NA: QR
https://www.queenslandjudgments.com.au/case/id/512766,FALSE,NA: QR
https://www.queenslandjudgments.com.au/case/id/512778,FALSE,NA: QR
https://www.queenslandjudgments.com.au/case/id/512792,FALSE,NA: QR
https://www.queenslandjudgments.com.au/case/id/512839,FALSE,NA: QR
https://www.queenslandjudgments.com.au/case/id/512865,FALSE,NA: QR
https://www.queenslandjudgments.com.au/case/id/512866,FALSE,NA: QR
https://www.queenslandjudgments.com.au/case/id/512879,FALSE,NA: QR
https://www.queenslandjudgments.com.au/case/id/512889,FALSE,NA: QR
https://www.queenslandjudgments.com.au/case/id/512927,FALSE,NA: QR
https://www.queenslandjudgments.com.au/case/id/512983,FALSE,NA: QR
https://www.queenslandjudgments.com.au/case/id/513025,FALSE,NA: QR
https://www.queenslandjudgments.com.au/case/id/513033,FALSE,NA: QR
https://www.queenslandjudgments.com.au/case/id/513082,FALSE,NA: QR
https://www.queenslandjudgments.com.au/case/id/513117,FALSE,NA: QR
https://www.queenslandjudgments.com.au/case/id/513144,FALSE,NA: QR
https://www.queenslandjudgments.com.au/case/id/513158,FALSE,NA: QR
https://www.queenslandjudgments.com.au/case/id/513178,FALSE,NA: QR
https://www.queenslandjudgments.com.au/case/id/513257,FALSE,NA: QR
https://www.queenslandjudgments.com.au/caselaw/qca/1994/554,FALSE,NA: QR
https://www.queenslandjudgments.com.au/caselaw/qca/1995/389,FALSE,NA: QR
https://www.queenslandjudgments.com.au/caselaw/qca/1995/506,FALSE,NA: QR
https://www.queenslandjudgments.com.au/caselaw/qca/1995/518,FALSE,NA: QR
https://www.queenslandjudgments.com.au/caselaw/qca/1996/93,FALSE,NA: QR
https://www.queenslandjudgments.com.au/caselaw/qca/1997/127,FALSE,NA: QR
https://www.queenslandjudgments.com.au/caselaw/qca/1997/191,FALSE,NA: QR
https://www.queenslandjudgments.com.au/caselaw/qca/1997/337,FALSE,NA: QR
https://www.queenslandjudgments.com.au/caselaw/qca/1997/486,FALSE,NA: QR
https://www.queenslandjudgments.com.au/caselaw/qca/1998/108,FALSE,NA: QR
https://www.queenslandjudgments.com.au/caselaw/qca/1998/119,FALSE,NA: QR
https://www.queenslandjudgments.com.au/caselaw/qca/1998/41,FALSE,NA: QR
https://www.queenslandjudgments.com.au/caselaw/qca/1998/64,FALSE,NA: QR
https://www.queenslandjudgments.com.au/caselaw/qca/1999/101,FALSE,NA: QR
https://www.queenslandjudgments.com.au/caselaw/qca/1999/104,FALSE,NA: QR
https://www.queenslandjudgments.com.au/caselaw/qca/1999/109,FALSE,NA: QR
https://www.queenslandjudgments.com.au/caselaw/qca/1999/212,FALSE,NA: QR
https://www.queenslandjudgments.com.au/caselaw/qca/1999/392,FALSE,NA: QR
https://www.queenslandjudgments.com.au/caselaw/qca/2000/114,FALSE,NA: QR
https://www.queenslandjudgments.com.au/caselaw/qca/2000/201,FALSE,NA: QR
https://www.queenslandjudgments.com.au/caselaw/qca/2000/244,FALSE,NA: QR
https://www.queenslandjudgments.com.au/caselaw/qca/2000/29,FALSE,NA: QR
https://www.queenslandjudgments.com.au/caselaw/qca/2000/315,FALSE,NA: QR
https://www.queenslandjudgments.com.au/caselaw/qca/2000/64,FALSE,NA: QR
https://www.queenslandjudgments.com.au/caselaw/qca/2000/73,FALSE,NA: QR
https://www.queenslandjudgments.com.au/caselaw/qca/2001/337,FALSE,NA: QR
https://www.queenslandjudgments.com.au/caselaw/qca/2001/547,FALSE,NA: QR
https://www.queenslandjudgments.com.au/caselaw/qca/2002/23,FALSE,NA: QR
https://www.queenslandjudgments.com.au/caselaw/qca/2002/442,FALSE,NA: QR
https://www.queenslandjudgments.com.au/caselaw/qca/2003/151,FALSE,NA: QR
https://www.queenslandjudgments.com.au/caselaw/qca/2003/285,FALSE,NA: QR
https://www.queenslandjudgments.com.au/caselaw/qca/2003/356,FALSE,NA: QR
https://www.queenslandjudgments.com.au/caselaw/qca/2003/435,FALSE,NA: QR
https://www.queenslandjudgments.com.au/caselaw/qca/2004/152,FALSE,NA: QR
https://www.queenslandjudgments.com.au/caselaw/qca/2004/192,FALSE,NA: QR
https://www.queenslandjudgments.com.au/caselaw/qca/2005/152,FALSE,NA: QR
https://www.queenslandjudgments.com.au/caselaw/qca/2005/306,FALSE,NA: QR
https://www.queenslandjudgments.com.au/caselaw/qca/2005/40,FALSE,NA: QR
https://www.queenslandjudgments.com.au/caselaw/qca/2006/206,FALSE,NA: QR
https://www.queenslandjudgments.com.au/caselaw/qca/2006/242,FALSE,NA: QR
https://www.queenslandjudgments.com.au/caselaw/qca/2006/242/pdf-view,FALSE,NA: QR
https://www.queenslandjudgments.com.au/caselaw/qca/2006/244,FALSE,NA: QR
https://www.queenslandjudgments.com.au/caselaw/qca/2006/291,FALSE,NA: QR
https://www.queenslandjudgments.com.au/caselaw/qca/2006/51,FALSE,NA: QR
https://www.queenslandjudgments.com.au/caselaw/qca/2006/527,FALSE,NA: QR
https://www.queenslandjudgments.com.au/caselaw/qca/2006/91,FALSE,NA: QR
https://www.queenslandjudgments.com.au/caselaw/qca/2007/173,FALSE,NA: QR
https://www.queenslandjudgments.com.au/caselaw/qca/2007/209,FALSE,NA: QR
https://www.queenslandjudgments.com.au/caselaw/qca/2007/209/pdf-view,FALSE,NA: QR
https://www.queenslandjudgments.com.au/caselaw/qca/2007/231/pdf,FALSE,NA: QR
https://www.queenslandjudgments.com.au/caselaw/qca/2007/255,FALSE,NA: QR
https://www.queenslandjudgments.com.au/caselaw/qca/2007/259,FALSE,NA: QR
https://www.queenslandjudgments.com.au/caselaw/qca/2007/301,FALSE,NA: QR
https://www.queenslandjudgments.com.au/caselaw/qca/2007/373,FALSE,NA: QR
https://www.queenslandjudgments.com.au/caselaw/qca/2007/400,FALSE,NA: QR
https://www.queenslandjudgments.com.au/caselaw/qca/2008/299,FALSE,NA: QR
https://www.queenslandjudgments.com.au/caselaw/qca/2008/371,FALSE,NA: QR
https://www.queenslandjudgments.com.au/caselaw/qca/2008/381,FALSE,NA: QR
https://www.queenslandjudgments.com.au/caselaw/qca/2009/128,FALSE,NA: QR
https://www.queenslandjudgments.com.au/caselaw/qca/2009/274/pdf-view,FALSE,NA: QR
https://www.queenslandjudgments.com.au/caselaw/qca/2009/343,FALSE,NA: QR
https://www.queenslandjudgments.com.au/caselaw/qca/2010/194,FALSE,NA: QR
https://www.queenslandjudgments.com.au/caselaw/qca/2010/254/pdf,FALSE,NA: QR
https://www.queenslandjudgments.com.au/caselaw/qca/2010/342,FALSE,NA: QR
https://www.queenslandjudgments.com.au/caselaw/qca/2010/6,FALSE,NA: QR
https://www.queenslandjudgments.com.au/caselaw/qca/2011/19,FALSE,NA: QR
https://www.queenslandjudgments.com.au/caselaw/qca/2011/19/pdf-view,FALSE,NA: QR
https://www.queenslandjudgments.com.au/caselaw/qca/2011/305,FALSE,NA: QR
https://www.queenslandjudgments.com.au/caselaw/qca/2012/49,FALSE,NA: QR
https://www.queenslandjudgments.com.au/caselaw/qca/2013/175,FALSE,NA: QR
https://www.queenslandjudgments.com.au/caselaw/qca/2013/223,FALSE,NA: QR
https://www.queenslandjudgments.com.au/caselaw/qca/2013/233/pdf-view,FALSE,NA: QR
https://www.queenslandjudgments.com.au/caselaw/qca/2013/29,FALSE,NA: QR
https://www.queenslandjudgments.com.au/caselaw/qca/2013/339,FALSE,NA: QR
https://www.queenslandjudgments.com.au/caselaw/qca/2013/370,FALSE,NA: QR
https://www.queenslandjudgments.com.au/caselaw/qca/2013/388,FALSE,NA: QR
https://www.queenslandjudgments.com.au/caselaw/qca/2014/226,FALSE,NA: QR
https://www.queenslandjudgments.com.au/caselaw/qca/2014/324,FALSE,NA: QR
https://www.queenslandjudgments.com.au/caselaw/qca/2014/328/pdf-view,FALSE,NA: QR
https://www.queenslandjudgments.com.au/caselaw/qca/2015/155,FALSE,NA: QR
https://www.queenslandjudgments.com.au/caselaw/qca/2016/124,FALSE,NA: QR
https://www.queenslandjudgments.com.au/caselaw/qca/2016/151,FALSE,NA: QR
https://www.queenslandjudgments.com.au/caselaw/qca/2016/232,FALSE,NA: QR
https://www.queenslandjudgments.com.au/caselaw/qca/2016/287,FALSE,NA: QR
https://www.queenslandjudgments.com.au/caselaw/qca/2016/306,FALSE,NA: QR
https://www.queenslandjudgments.com.au/caselaw/qca/2016/341/pdf,FALSE,NA: QR
https://www.queenslandjudgments.com.au/caselaw/qca/2016/69,FALSE,NA: QR
https://www.queenslandjudgments.com.au/caselaw/qca/2016/82,FALSE,NA: QR
https://www.queenslandjudgments.com.au/caselaw/qca/2017/11,FALSE,NA: QR
https://www.queenslandjudgments.com.au/caselaw/qca/2018/102,FALSE,NA: QR
https://www.queenslandjudgments.com.au/caselaw/qca/2018/125,FALSE,NA: QR
https://www.queenslandjudgments.com.au/caselaw/qca/2018/272,FALSE,NA: QR
https://www.queenslandjudgments.com.au/caselaw/qca/2018/303,FALSE,NA: QR
https://www.queenslandjudgments.com.au/caselaw/qca/2018/317,FALSE,NA: QR
https://www.queenslandjudgments.com.au/caselaw/qca/2018/36,FALSE,NA: QR
https://www.queenslandjudgments.com.au/caselaw/qca/2018/58,FALSE,NA: QR
https://www.queenslandjudgments.com.au/caselaw/qca/2019/9,FALSE,NA: QR
https://www.queenslandjudgments.com.au/caselaw/qca/2020/127,FALSE,NA: QR
https://www.queenslandjudgments.com.au/caselaw/qca/2020/156,FALSE,NA: QR
https://www.queenslandjudgments.com.au/caselaw/qca/2020/192,FALSE,NA: QR
https://www.queenslandjudgments.com.au/caselaw/qca/2020/199,FALSE,NA: QR
https://www.queenslandjudgments.com.au/caselaw/qca/2020/265,FALSE,NA: QR
https://www.queenslandjudgments.com.au/caselaw/qca/2020/39,FALSE,NA: QR
https://www.queenslandjudgments.com.au/caselaw/qca/2020/6,FALSE,NA: QR
https://www.queenslandjudgments.com.au/caselaw/qca/2020/64,FALSE,NA: QR
https://www.queenslandjudgments.com.au/caselaw/qca/2020/75,FALSE,NA: QR
https://www.queenslandjudgments.com.au/caselaw/qca/2020/85,FALSE,NA: QR
https://www.queenslandjudgments.com.au/caselaw/qca/2020/86,FALSE,NA: QR
https://www.queenslandjudgments.com.au/caselaw/qca/2021/1,FALSE,NA: QR
https://www.queenslandjudgments.com.au/caselaw/qca/2021/14,FALSE,NA: QR
https://www.queenslandjudgments.com.au/caselaw/qca/2021/145,FALSE,NA: QR
https://www.queenslandjudgments.com.au/caselaw/qca/2021/220,FALSE,NA: QR
https://www.queenslandjudgments.com.au/caselaw/qca/2021/247,FALSE,NA: QR
https://www.queenslandjudgments.com.au/caselaw/qca/2021/258,FALSE,NA: QR
https://www.queenslandjudgments.com.au/caselaw/qca/2021/262,FALSE,NA: QR
https://www.queenslandjudgments.com.au/caselaw/qca/2021/265/pdf,FALSE,NA: QR
https://www.queenslandjudgments.com.au/caselaw/qca/2022/103,FALSE,NA: QR
https://www.queenslandjudgments.com.au/caselaw/qca/2022/176,FALSE,NA: QR
https://www.queenslandjudgments.com.au/caselaw/qca/2022/180,FALSE,NA: QR
https://www.queenslandjudgments.com.au/caselaw/qca/2022/183/pdf,FALSE,NA: QR
https://www.queenslandjudgments.com.au/caselaw/qca/2022/199,FALSE,NA: QR
https://www.queenslandjudgments.com.au/caselaw/qca/2022/207/pdf,FALSE,NA: QR
https://www.queenslandjudgments.com.au/caselaw/qca/2022/216,FALSE,NA: QR
https://www.queenslandjudgments.com.au/caselaw/qca/2022/77,FALSE,NA: QR
https://www.queenslandjudgments.com.au/caselaw/qca/2022/91,FALSE,NA: QR
https://www.queenslandjudgments.com.au/caselaw/qca/2023/154,FALSE,NA: QR
https://www.queenslandjudgments.com.au/caselaw/qca/2023/154/pdf,FALSE,NA: QR
https://www.queenslandjudgments.com.au/caselaw/qca/2023/184,FALSE,NA: QR
https://www.queenslandjudgments.com.au/caselaw/qca/2023/210,FALSE,NA: QR
https://www.queenslandjudgments.com.au/caselaw/qca/2023/222,FALSE,NA: QR
https://www.queenslandjudgments.com.au/caselaw/qca/2023/243,FALSE,NA: QR
https://www.queenslandjudgments.com.au/caselaw/qca/2023/261,FALSE,NA: QR
https://www.queenslandjudgments.com.au/caselaw/qca/2023/265,FALSE,NA: QR
https://www.queenslandjudgments.com.au/caselaw/qca/2023/266,FALSE,NA: QR
https://www.queenslandjudgments.com.au/caselaw/qca/2024/124/pdf,FALSE,NA: QR
https://www.queenslandjudgments.com.au/caselaw/qca/2024/156/pdf-view,FALSE,NA: QR
https://www.queenslandjudgments.com.au/caselaw/qca/2024/164,FALSE,NA: QR
https://www.queenslandjudgments.com.au/caselaw/qca/2024/180,FALSE,NA: QR
https://www.queenslandjudgments.com.au/caselaw/qca/2024/198,FALSE,NA: QR
https://www.queenslandjudgments.com.au/caselaw/qca/2024/240,FALSE,NA: QR
https://www.queenslandjudgments.com.au/caselaw/qca/2024/249,FALSE,NA: QR
https://www.queenslandjudgments.com.au/caselaw/qdc/2016/308,FALSE,NA: QR
https://www.queenslandjudgments.com.au/caselaw/qdcpr/2018/56,FALSE,NA: QR
https://www.queenslandjudgments.com.au/caselaw/qsc/2000/273,FALSE,NA: QR
https://www.queenslandjudgments.com.au/citation/1979-Qd-R-278,FALSE,NA: QR
https://www.queenslandjudgments.com.au/citation/1994-1-Qd-R-613,FALSE,NA: QR
https://www.queenslandjudgments.com.au/citation/1999-1-Qd-R-314,FALSE,NA: QR
https://www.queenslandjudgments.com.au/citation/2016-1-Qd-R-562,FALSE,NA: QR
https://www.queenslandjudgments.com.au/citation/2017-1-Qd-R-453,FALSE,NA: QR
https://www.queenslandjudgments.com.au/citation/2017-1-Qd-R-497,FALSE,NA: QR
https://www.queenslandjudgments.com.au/citation/2018-3-Qd-R-50,FALSE,NA: QR
https://www.queenslandjudgments.com.au/citation/2019-2-Qd-R-46,FALSE,NA: QR
https://www.queenslandjudgments.com.au/citation/2019-3-Qd-R-242,FALSE,NA: QR
https://www.queenslandjudgments.com.au/citation/2020-5-QR-261,FALSE,NA: QR
https://www.queenslandjudgments.com.au/citation/2022-10-QR-825,FALSE,NA: QR
https://www.queenslandjudgments.com.au/citation/2023-14-QR-295,FALSE,NA: QR
https://www.queenslandjudgments.com.au/citation/2023-16-QR-1,FALSE,NA: QR
https://www.sclqld.org.au/caselaw/48219,FALSE,NA: SCLQLD
https://www.legislation.qld.gov.au/view/html/inforce/current/act-1992-048,FALSE,NA: Legislation
https://www.legislation.qld.gov.au/view/html/inforce/current/sl-1999-0112,FALSE,NA: Legislation
https://www.legislation.qld.gov.au/view/html/inforce/current/sl-2012-0251,FALSE,NA: Legislation
http://www6.austlii.edu.au/cgi-bin/LawCite?cit=%282007%29+171+A+Crim+R+315&party1=&party2=&court=&juris=&article=&author=&year1=&year2=&synonyms=on&filter=on&cases-cited=&legis-cited=&section=,TRUE,https://anzlaw.thomsonreuters.com/Link/Document/FullText?findType=Y&serNum=2012277763&pubNum=5341&originatingDoc=Ia33693c0891d11e8aca5bab3c9b3f468&refType=TG&originationContext=document&transitionType=DocumentItem&ppcid=2bb0aeda5f0048b0af5bdd9400545204&contextData=(sc.Default)&comp=wlau
https://intranet.justice.govnet.qld.gov.au/divisions-and-branches/courts-tribunals/queensland-courts-services/interpreters-hub,FALSE,UNMAPPED; client instructed to leave
https://www.legislation.qld.gov.au/view/whole/html/inforce/current/sl-1999-0112,FALSE,NA: Legislation
https://www.oed.com/search/dictionary/?scope=Entries&q=involve,FALSE,UNMAPPED; Accessible
http://www8.austlii.edu.au/cgi-bin/viewdoc/au/cases/qld/QCA/2005/306.html?query=,TRUE,https://jade.io/article/169004
http://www.austlii.edu.au/cgi-bin/viewdoc/au/cases/cth/HCA/1992/13.html,TRUE,https://jade.io/article/67672
https://www.supremecourt.wa.gov.au/_files/Equal_Justice_Bench_Book.pdf,FALSE,UNMAPPED; Accessible
https://www.westlaw.com/Browse/Home/InternationalMaterials/UnitedKingdom/UnitedKingdomCases/UnitedKingdomCasesCriminalAppealReports?transitionType=Default&contextData=(sc.Default)&VR=3.0&RS=cblt1.0&sp=au-wln-sclqld,FALSE,NA: ThomsonReuters
https://www.westlaw.com/Browse/Home/InternationalMaterials/UnitedKingdom/UnitedKingdomCases/UnitedKingdomCasesLawReports?transitionType=Default&contextData=(sc.Default)&VR=3.0&RS=cblt1.0&sp=au-wln-sclqld,FALSE,NA: ThomsonReuters
http://www.nzlii.org/nz/cases/NZGazLawRp/1907/238.html,FALSE,NA: NZLII
mailto:MediaSDC@justice.qld.gov.au,FALSE,UNMAPPED; Accessible
rosetta://link/ch_abuse_impairment_mind/main,FALSE,NA: Rosetta
rosetta://link/ch_abuse_impairment_penile_intercourse/direction,FALSE,NA: Rosetta
rosetta://link/ch_abuse_impairment_penile_intercourse/main,FALSE,NA: Rosetta
rosetta://link/ch_adverse_inference_possible/commentary,FALSE,NA: Rosetta
rosetta://link/ch_aggravation_robbery_assault_burglary/main,FALSE,NA: Rosetta
rosetta://link/ch_alternative_charges/main,FALSE,NA: Rosetta
rosetta://link/ch_arson/commentary,FALSE,NA: Rosetta
rosetta://link/ch_assault_bodily_harm/main,FALSE,NA: Rosetta
rosetta://link/ch_assault/main,FALSE,NA: Rosetta
rosetta://link/ch_assault_police_officer/main,FALSE,NA: Rosetta
rosetta://link/ch_attempted_murder/appendix_a,FALSE,NA: Rosetta
rosetta://link/ch_attempted_murder/main,FALSE,NA: Rosetta
rosetta://link/ch_attempts/appendix_a,FALSE,NA: Rosetta
rosetta://link/ch_attempts/commentary,FALSE,NA: Rosetta
rosetta://link/ch_attempts/main,FALSE,NA: Rosetta
rosetta://link/ch_bad_character_convictions/direction,FALSE,NA: Rosetta
rosetta://link/ch_burglary_entering/main,FALSE,NA: Rosetta
rosetta://link/ch_carnal_knowledge_impairment_pre_2023/direction,FALSE,NA: Rosetta
rosetta://link/ch_carnal_knowledge_impairment_pre_2023/main,FALSE,NA: Rosetta
rosetta://link/ch_carnal_knowledge/main,FALSE,NA: Rosetta
rosetta://link/ch_child_witnesses_93a/commentary,FALSE,NA: Rosetta
rosetta://link/ch_child_witnesses_93a/main,FALSE,NA: Rosetta
rosetta://link/ch_circumstantial_evidence/main,FALSE,NA: Rosetta
rosetta://link/ch_claim_of_right/main,FALSE,NA: Rosetta
rosetta://link/ch_complainants_sexual_offences/main,FALSE,NA: Rosetta
rosetta://link/ch_consent_post_2024/main,FALSE,NA: Rosetta
rosetta://link/ch_consent_pre_2024/direction,FALSE,NA: Rosetta
rosetta://link/ch_consent_pre_2024/main,FALSE,NA: Rosetta
rosetta://link/ch_corporate_defendant/main,FALSE,NA: Rosetta
rosetta://link/ch_criminal_negligence/direction,FALSE,NA: Rosetta
rosetta://link/ch_criminal_negligence/main,FALSE,NA: Rosetta
rosetta://link/ch_cross_exam_motive_lie/direction,FALSE,NA: Rosetta
rosetta://link/ch_defendant_giving_evidence/main,FALSE,NA: Rosetta
rosetta://link/ch_delay_forensic_disadvantage/direction,FALSE,NA: Rosetta
rosetta://link/ch_delay_forensic_disadvantage/main,FALSE,NA: Rosetta
rosetta://link/ch_domestic_relationships_violence/commentary,FALSE,NA: Rosetta
rosetta://link/ch_domestic_relationships_violence/main,FALSE,NA: Rosetta
rosetta://link/ch_evidence_affected_children/main,FALSE,NA: Rosetta
rosetta://link/ch_expert_witnesses/direction,FALSE,NA: Rosetta
rosetta://link/ch_exposing_child_indecent_act/main,FALSE,NA: Rosetta
rosetta://link/ch_exposing_child_indecent_object/main,FALSE,NA: Rosetta
rosetta://link/ch_extraordinary_emergency/appendix_a,FALSE,NA: Rosetta
rosetta://link/ch_forgery_uttering/main,FALSE,NA: Rosetta
rosetta://link/ch_general/delivering_the_verdict,FALSE,NA: Rosetta
rosetta://link/ch_general/legislation,FALSE,NA: Rosetta
rosetta://link/ch_general/main,FALSE,NA: Rosetta
rosetta://link/ch_grievous_bodily_harm/commentary,FALSE,NA: Rosetta
rosetta://link/ch_grievous_bodily_harm/direction,FALSE,NA: Rosetta
rosetta://link/ch_grievous_bodily_harm/main,FALSE,NA: Rosetta
rosetta://link/ch_indecent_dealing_child_210_1_a/main,FALSE,NA: Rosetta
rosetta://link/ch_indecent_photograph_child/main,FALSE,NA: Rosetta
rosetta://link/ch_insanity/main,FALSE,NA: Rosetta
rosetta://link/ch_intentional_intoxication/appendix_a,FALSE,NA: Rosetta
rosetta://link/ch_intentional_intoxication/direction,FALSE,NA: Rosetta
rosetta://link/ch_intentional_intoxication/main,FALSE,NA: Rosetta
rosetta://link/ch_intention/commentary,FALSE,NA: Rosetta
rosetta://link/ch_intention/direction,FALSE,NA: Rosetta
rosetta://link/ch_intention/intention,FALSE,NA: Rosetta
rosetta://link/ch_intention/main,FALSE,NA: Rosetta
rosetta://link/ch_interpreters_translators/appendix_a,FALSE,NA: Rosetta
rosetta://link/ch_interpreters_translators/main,FALSE,NA: Rosetta
rosetta://link/ch_involving_child_exploitation_material/main,FALSE,NA: Rosetta
rosetta://link/ch_judge_opening_remarks/appendix,FALSE,NA: Rosetta
rosetta://link/ch_judge_opening_remarks/main,FALSE,NA: Rosetta
rosetta://link/ch_jury_failure_to_agree/main,FALSE,NA: Rosetta
rosetta://link/ch_jury_transcripts/appendix_a,FALSE,NA: Rosetta
rosetta://link/ch_jury_transcripts/commentary,FALSE,NA: Rosetta
rosetta://link/ch_jury_transcripts/main,FALSE,NA: Rosetta
rosetta://link/ch_lies_told_defendant/main,FALSE,NA: Rosetta
rosetta://link/ch_majority_verdict/main,FALSE,NA: Rosetta
rosetta://link/ch_manslaughter/appendix_a,FALSE,NA: Rosetta
rosetta://link/ch_mistake_fact_sexual_post_2024/direction,FALSE,NA: Rosetta
rosetta://link/ch_mistake_fact_sexual_post_2024/main,FALSE,NA: Rosetta
rosetta://link/ch_mistake_fact_sexual_pre_2024/commentary,FALSE,NA: Rosetta
rosetta://link/ch_mistake_fact_sexual_pre_2024/direction,FALSE,NA: Rosetta
rosetta://link/ch_mistake_fact_sexual_pre_2024/main,FALSE,NA: Rosetta
rosetta://link/ch_mistake_of_fact/direction,FALSE,NA: Rosetta
rosetta://link/ch_mistake_of_fact/main,FALSE,NA: Rosetta
rosetta://link/ch_motive/direction,FALSE,NA: Rosetta
rosetta://link/ch_motive/main,FALSE,NA: Rosetta
rosetta://link/ch_murder_302_1_a/appendix_a,FALSE,NA: Rosetta
rosetta://link/ch_murder_302_1_b/appendix_a,FALSE,NA: Rosetta
rosetta://link/ch_murder_302_1_b/appendix_b,FALSE,NA: Rosetta
rosetta://link/ch_murder_302_1_b/commentary,FALSE,NA: Rosetta
rosetta://link/ch_no_adverse_inference/commentary,FALSE,NA: Rosetta
rosetta://link/ch_other_sexual_discreditable_conduct/direction,FALSE,NA: Rosetta
rosetta://link/ch_other_sexual_discreditable_conduct/main,FALSE,NA: Rosetta
rosetta://link/ch_out_of_court_admissions/commentary,FALSE,NA: Rosetta
rosetta://link/ch_out_of_court_admissions/main,FALSE,NA: Rosetta
rosetta://link/ch_parties_to_offence/main,FALSE,NA: Rosetta
rosetta://link/ch_penile_intercourse_child/main,FALSE,NA: Rosetta
rosetta://link/ch_permitting_indecent_dealing/main,FALSE,NA: Rosetta
rosetta://link/ch_possess_child_exploitation_material/commentary,FALSE,NA: Rosetta
rosetta://link/ch_post_offence_conduct_guilt/main,FALSE,NA: Rosetta
rosetta://link/ch_preliminary_complaint/main,FALSE,NA: Rosetta
rosetta://link/ch_prior_inconsistent_statements/main,FALSE,NA: Rosetta
rosetta://link/ch_procuring_child_indecent_act/main,FALSE,NA: Rosetta
rosetta://link/ch_proof_mental_physical_elements/main,FALSE,NA: Rosetta
rosetta://link/ch_protected_witnesses/main,FALSE,NA: Rosetta
rosetta://link/ch_provocation_304_post_2011/main,FALSE,NA: Rosetta
rosetta://link/ch_provocation_304_pre_2011/main,FALSE,NA: Rosetta
rosetta://link/ch_rape_repealed_pre_2000/main,FALSE,NA: Rosetta
rosetta://link/ch_reasonable_doubt/main,FALSE,NA: Rosetta
rosetta://link/ch_recorded_evidence_replay/main,FALSE,NA: Rosetta
rosetta://link/ch_recordings_transcripts_exhibits/main,FALSE,NA: Rosetta
rosetta://link/ch_repetition_of_insult/appendix_1,FALSE,NA: Rosetta
rosetta://link/ch_retrial_warnings/main,FALSE,NA: Rosetta
rosetta://link/ch_robbery/main,FALSE,NA: Rosetta
rosetta://link/ch_secret_commissions/appendix_a,FALSE,NA: Rosetta
rosetta://link/ch_self_defence_death_gbh/commentary,FALSE,NA: Rosetta
rosetta://link/ch_self_defence_provoked_assault/appendix_a,FALSE,NA: Rosetta
rosetta://link/ch_self_defence_unprovoked_assault/appendix_1,FALSE,NA: Rosetta
rosetta://link/ch_self_defence_unprovoked_assault/main,FALSE,NA: Rosetta
rosetta://link/ch_separate_consideration_charges/direction,FALSE,NA: Rosetta
rosetta://link/ch_sexual_offence_age_impairment_defences/main,FALSE,NA: Rosetta
rosetta://link/ch_sexual_offence_directions/main,FALSE,NA: Rosetta
rosetta://link/ch_silence_as_admission/main,FALSE,NA: Rosetta
rosetta://link/ch_special_witnesses/main,FALSE,NA: Rosetta
rosetta://link/ch_stalking_1999_to_2023/main,FALSE,NA: Rosetta
rosetta://link/ch_stealing/main,FALSE,NA: Rosetta
rosetta://link/ch_trial_procedure/appendix_a,FALSE,NA: Rosetta
rosetta://link/ch_trial_procedure/main,FALSE,NA: Rosetta
rosetta://link/ch_trial_procedure/pamphlet,FALSE,NA: Rosetta
rosetta://link/ch_unintentional_intoxication/main,FALSE,NA: Rosetta
rosetta://link/ch_unlawful_wounding/commentary,FALSE,NA: Rosetta
rosetta://link/ch_unlawful_wounding/main,FALSE,NA: Rosetta